Reference	Position	Depth
NR_137833.1	1	4
NR_137833.1	2	4
NR_137833.1	3	4
NR_137833.1	4	4
NR_137833.1	5	5
NR_137833.1	6	5
NR_137833.1	7	7
NR_137833.1	8	8
NR_137833.1	9	10
NR_137833.1	10	10
NR_137833.1	11	10
NR_137833.1	12	10
NR_137833.1	13	11
NR_137833.1	14	13
NR_137833.1	15	12
NR_137833.1	16	14
NR_137833.1	17	14
NR_137833.1	18	20
NR_137833.1	19	21
NR_137833.1	20	21
NR_137833.1	21	23
NR_137833.1	22	23
NR_137833.1	23	26
NR_137833.1	24	28
NR_137833.1	25	29
NR_137833.1	26	29
NR_137833.1	27	29
NR_137833.1	28	30
NR_137833.1	29	31
NR_137833.1	30	33
NR_137833.1	31	37
NR_137833.1	32	38
NR_137833.1	33	38
NR_137833.1	34	38
NR_137833.1	35	39
NR_137833.1	36	41
NR_137833.1	37	44
NR_137833.1	38	46
NR_137833.1	39	46
NR_137833.1	40	49
NR_137833.1	41	53
NR_137833.1	42	53
NR_137833.1	43	54
NR_137833.1	44	54
NR_137833.1	45	55
NR_137833.1	46	57
NR_137833.1	47	57
NR_137833.1	48	57
NR_137833.1	49	57
NR_137833.1	50	59
NR_137833.1	51	59
NR_137833.1	52	60
NR_137833.1	53	60
NR_137833.1	54	60
NR_137833.1	55	61
NR_137833.1	56	61
NR_137833.1	57	61
NR_137833.1	58	61
NR_137833.1	59	61
NR_137833.1	60	61
NR_137833.1	61	59
NR_137833.1	62	59
NR_137833.1	63	59
NR_137833.1	64	58
NR_137833.1	65	56
NR_137833.1	66	55
NR_137833.1	67	55
NR_137833.1	68	55
NR_137833.1	69	55
NR_137833.1	70	55
NR_137833.1	71	54
NR_137833.1	72	55
NR_137833.1	73	55
NR_137833.1	74	54
NR_137833.1	75	54
NR_137833.1	76	53
NR_137833.1	77	51
NR_137833.1	78	51
NR_137833.1	79	49
NR_137833.1	80	47
NR_137833.1	81	46
NR_137833.1	82	46
NR_137833.1	83	46
NR_137833.1	84	46
NR_137833.1	85	46
NR_137833.1	86	44
NR_137833.1	87	38
NR_137833.1	88	38
NR_137833.1	89	36
NR_137833.1	90	32
NR_137833.1	91	31
NR_137833.1	92	31
NR_137833.1	93	31
NR_137833.1	94	31
NR_137833.1	95	32
NR_137833.1	96	31
NR_137833.1	97	28
NR_137833.1	98	28
NR_137833.1	99	25
NR_137833.1	100	23
NR_137833.1	101	19
NR_137833.1	102	16
NR_137833.1	103	16
NR_137833.1	104	14
NR_137833.1	105	14
NR_137833.1	106	13
NR_137833.1	107	11
NR_137833.1	108	10
NR_137833.1	109	10
NR_137833.1	110	8
NR_137833.1	111	8
NR_137833.1	112	8
NR_137833.1	113	8
NR_137833.1	114	8
NR_137833.1	115	7
NR_137833.1	116	7
NR_137833.1	117	7
NR_137833.1	118	7
NR_137833.1	119	6
NR_137833.1	120	6
NR_137833.1	121	6
NR_137833.1	122	6
NR_137833.1	123	6
NR_137833.1	124	6
NR_137833.1	125	6
NR_137833.1	126	6
NR_137833.1	127	6
NR_137833.1	128	4
NR_137833.1	129	4
NR_137833.1	130	4
NR_137833.1	131	3
NR_137833.1	132	3
NR_137833.1	133	3
NR_137833.1	134	3
NR_137833.1	135	3
NR_137833.1	136	3
NR_137833.1	137	3
NR_137833.1	138	3
NR_137833.1	139	3
NR_137833.1	140	3
NR_137833.1	141	3
NR_137833.1	142	3
NR_137833.1	143	3
NR_137833.1	144	3
NR_137833.1	145	3
NR_137833.1	146	3
NR_137833.1	147	3
NR_137833.1	148	3
NR_137833.1	149	3
NR_137833.1	150	3
NR_137833.1	151	3
NR_137833.1	152	3
NR_137833.1	153	3
NR_137833.1	154	2
NR_137833.1	155	3
NR_137833.1	156	3
NR_137833.1	157	3
NR_137833.1	158	3
NR_137833.1	159	3
NR_137833.1	160	3
NR_137833.1	161	3
NR_137833.1	162	3
NR_137833.1	163	3
NR_137833.1	164	3
NR_137833.1	165	3
NR_137833.1	166	3
NR_137833.1	167	3
NR_137833.1	168	3
NR_137833.1	169	3
NR_137833.1	170	3
NR_137833.1	171	3
NR_137833.1	172	3
NR_137833.1	173	3
NR_137833.1	174	3
NR_137833.1	175	3
NR_137833.1	176	3
NR_137833.1	177	3
NR_137833.1	178	3
NR_137833.1	179	3
NR_137833.1	180	3
NR_137833.1	181	3
NR_137833.1	182	3
NR_137833.1	183	3
NR_137833.1	184	2
NR_137833.1	185	1
NR_137833.1	186	1
NR_137833.1	187	2
NR_137833.1	188	2
NR_137833.1	189	2
NR_137833.1	190	2
NR_137833.1	191	2
NR_137833.1	192	2
NR_137833.1	193	5
NR_137833.1	194	8
NR_137833.1	195	8
NR_137833.1	196	9
NR_137833.1	197	10
NR_137833.1	198	11
NR_137833.1	199	11
NR_137833.1	200	11
NR_137833.1	201	13
NR_137833.1	202	13
NR_137833.1	203	13
NR_137833.1	204	13
NR_137833.1	205	16
NR_137833.1	206	16
NR_137833.1	207	16
NR_137833.1	208	17
NR_137833.1	209	17
NR_137833.1	210	17
NR_137833.1	211	18
NR_137833.1	212	19
NR_137833.1	213	19
NR_137833.1	214	20
NR_137833.1	215	20
NR_137833.1	216	21
NR_137833.1	217	21
NR_137833.1	218	21
NR_137833.1	219	21
NR_137833.1	220	23
NR_137833.1	221	24
NR_137833.1	222	27
NR_137833.1	223	26
NR_137833.1	224	26
NR_137833.1	225	29
NR_137833.1	226	30
NR_137833.1	227	30
NR_137833.1	228	30
NR_137833.1	229	32
NR_137833.1	230	32
NR_137833.1	231	33
NR_137833.1	232	35
NR_137833.1	233	36
NR_137833.1	234	39
NR_137833.1	235	40
NR_137833.1	236	40
NR_137833.1	237	40
NR_137833.1	238	40
NR_137833.1	239	41
NR_137833.1	240	8
NR_137833.1	241	46
NR_137833.1	242	47
NR_137833.1	243	48
NR_137833.1	244	49
NR_137833.1	245	49
NR_137833.1	246	50
NR_137833.1	247	50
NR_137833.1	248	50
NR_137833.1	249	51
NR_137833.1	250	53
NR_137833.1	251	56
NR_137833.1	252	62
NR_137833.1	253	64
NR_137833.1	254	64
NR_137833.1	255	64
NR_137833.1	256	64
NR_137833.1	257	66
NR_137833.1	258	67
NR_137833.1	259	72
NR_137833.1	260	79
NR_137833.1	261	80
NR_137833.1	262	84
NR_137833.1	263	94
NR_137833.1	264	97
NR_137833.1	265	99
NR_137833.1	266	100
NR_137833.1	267	101
NR_137833.1	268	105
NR_137833.1	269	109
NR_137833.1	270	138
NR_137833.1	271	144
NR_137833.1	272	151
NR_137833.1	273	163
NR_137833.1	274	172
NR_137833.1	275	148
NR_137833.1	276	150
NR_137833.1	277	227
NR_137833.1	278	235
NR_137833.1	279	246
NR_137833.1	280	244
NR_137833.1	281	255
NR_137833.1	282	264
NR_137833.1	283	275
NR_137833.1	284	286
NR_137833.1	285	289
NR_137833.1	286	348
NR_137833.1	287	352
NR_137833.1	288	356
NR_137833.1	289	360
NR_137833.1	290	368
NR_137833.1	291	375
NR_137833.1	292	382
NR_137833.1	293	382
NR_137833.1	294	387
NR_137833.1	295	387
NR_137833.1	296	400
NR_137833.1	297	402
NR_137833.1	298	403
NR_137833.1	299	421
NR_137833.1	300	428
NR_137833.1	301	432
NR_137833.1	302	432
NR_137833.1	303	437
NR_137833.1	304	439
NR_137833.1	305	465
NR_137833.1	306	492
NR_137833.1	307	495
NR_137833.1	308	495
NR_137833.1	309	497
NR_137833.1	310	511
NR_137833.1	311	514
NR_137833.1	312	516
NR_137833.1	313	521
NR_137833.1	314	533
NR_137833.1	315	546
NR_137833.1	316	555
NR_137833.1	317	555
NR_137833.1	318	556
NR_137833.1	319	578
NR_137833.1	320	582
NR_137833.1	321	602
NR_137833.1	322	618
NR_137833.1	323	624
NR_137833.1	324	629
NR_137833.1	325	640
NR_137833.1	326	658
NR_137833.1	327	661
NR_137833.1	328	668
NR_137833.1	329	668
NR_137833.1	330	681
NR_137833.1	331	730
NR_137833.1	332	730
NR_137833.1	333	748
NR_137833.1	334	748
NR_137833.1	335	748
NR_137833.1	336	756
NR_137833.1	337	766
NR_137833.1	338	767
NR_137833.1	339	772
NR_137833.1	340	785
NR_137833.1	341	785
NR_137833.1	342	796
NR_137833.1	343	808
NR_137833.1	344	808
NR_137833.1	345	819
NR_137833.1	346	820
NR_137833.1	347	828
NR_137833.1	348	831
NR_137833.1	349	831
NR_137833.1	350	841
NR_137833.1	351	841
NR_137833.1	352	846
NR_137833.1	353	845
NR_137833.1	354	847
NR_137833.1	355	843
NR_137833.1	356	843
NR_137833.1	357	850
NR_137833.1	358	849
NR_137833.1	359	871
NR_137833.1	360	873
NR_137833.1	361	876
NR_137833.1	362	881
NR_137833.1	363	881
NR_137833.1	364	886
NR_137833.1	365	882
NR_137833.1	366	888
NR_137833.1	367	888
NR_137833.1	368	891
NR_137833.1	369	892
NR_137833.1	370	894
NR_137833.1	371	895
NR_137833.1	372	902
NR_137833.1	373	905
NR_137833.1	374	905
NR_137833.1	375	906
NR_137833.1	376	907
NR_137833.1	377	906
NR_137833.1	378	910
NR_137833.1	379	916
NR_137833.1	380	916
NR_137833.1	381	917
NR_137833.1	382	908
NR_137833.1	383	912
NR_137833.1	384	909
NR_137833.1	385	907
NR_137833.1	386	909
NR_137833.1	387	909
NR_137833.1	388	905
NR_137833.1	389	900
NR_137833.1	390	899
NR_137833.1	391	896
NR_137833.1	392	884
NR_137833.1	393	881
NR_137833.1	394	883
NR_137833.1	395	885
NR_137833.1	396	881
NR_137833.1	397	881
NR_137833.1	398	865
NR_137833.1	399	857
NR_137833.1	400	846
NR_137833.1	401	802
NR_137833.1	402	802
NR_137833.1	403	772
NR_137833.1	404	767
NR_137833.1	405	768
NR_137833.1	406	752
NR_137833.1	407	751
NR_137833.1	408	752
NR_137833.1	409	748
NR_137833.1	410	742
NR_137833.1	411	717
NR_137833.1	412	715
NR_137833.1	413	718
NR_137833.1	414	719
NR_137833.1	415	717
NR_137833.1	416	647
NR_137833.1	417	646
NR_137833.1	418	638
NR_137833.1	419	634
NR_137833.1	420	630
NR_137833.1	421	627
NR_137833.1	422	622
NR_137833.1	423	620
NR_137833.1	424	599
NR_137833.1	425	594
NR_137833.1	426	584
NR_137833.1	427	582
NR_137833.1	428	582
NR_137833.1	429	582
NR_137833.1	430	578
NR_137833.1	431	575
NR_137833.1	432	577
NR_137833.1	433	572
NR_137833.1	434	570
NR_137833.1	435	540
NR_137833.1	436	515
NR_137833.1	437	511
NR_137833.1	438	503
NR_137833.1	439	501
NR_137833.1	440	498
NR_137833.1	441	497
NR_137833.1	442	497
NR_137833.1	443	493
NR_137833.1	444	473
NR_137833.1	445	458
NR_137833.1	446	443
NR_137833.1	447	433
NR_137833.1	448	439
NR_137833.1	449	433
NR_137833.1	450	429
NR_137833.1	451	415
NR_137833.1	452	399
NR_137833.1	453	382
NR_137833.1	454	374
NR_137833.1	455	370
NR_137833.1	456	344
NR_137833.1	457	342
NR_137833.1	458	333
NR_137833.1	459	333
NR_137833.1	460	323
NR_137833.1	461	265
NR_137833.1	462	256
NR_137833.1	463	249
NR_137833.1	464	247
NR_137833.1	465	247
NR_137833.1	466	235
NR_137833.1	467	229
NR_137833.1	468	225
NR_137833.1	469	219
NR_137833.1	470	196
NR_137833.1	471	190
NR_137833.1	472	179
NR_137833.1	473	171
NR_137833.1	474	167
NR_137833.1	475	155
NR_137833.1	476	150
NR_137833.1	477	143
NR_137833.1	478	74
NR_137833.1	479	124
NR_137833.1	480	133
NR_137833.1	481	133
NR_137833.1	482	132
NR_137833.1	483	129
NR_137833.1	484	129
NR_137833.1	485	126
NR_137833.1	486	117
NR_137833.1	487	123
NR_137833.1	488	90
NR_137833.1	489	98
NR_137833.1	490	92
NR_137833.1	491	85
NR_137833.1	492	79
NR_137833.1	493	78
NR_137833.1	494	80
NR_137833.1	495	81
NR_137833.1	496	82
NR_137833.1	497	77
NR_137833.1	498	77
NR_137833.1	499	77
NR_137833.1	500	64
NR_137833.1	501	62
NR_137833.1	502	62
NR_137833.1	503	62
NR_137833.1	504	62
NR_137833.1	505	58
NR_137833.1	506	58
NR_137833.1	507	55
NR_137833.1	508	54
NR_137833.1	509	54
NR_137833.1	510	53
NR_137833.1	511	53
NR_137833.1	512	51
NR_137833.1	513	50
NR_137833.1	514	49
NR_137833.1	515	49
NR_137833.1	516	49
NR_137833.1	517	47
NR_137833.1	518	45
NR_137833.1	519	43
NR_137833.1	520	41
NR_137833.1	521	39
NR_137833.1	522	38
NR_137833.1	523	37
NR_137833.1	524	36
NR_137833.1	525	35
NR_137833.1	526	34
NR_137833.1	527	31
NR_137833.1	528	31
NR_137833.1	529	31
NR_137833.1	530	29
NR_137833.1	531	28
NR_137833.1	532	27
NR_137833.1	533	24
NR_137833.1	534	24
NR_137833.1	535	17
NR_137833.1	536	17
NR_137833.1	537	12
NR_137833.1	538	5
NR_137833.1	539	4
NR_137833.1	540	2
NR_137833.1	541	2
NR_137833.1	542	1
NR_137833.1	543	0
NR_137833.1	544	0
NR_137833.1	545	0
NR_137833.1	546	0
NR_137833.1	547	0
NR_137833.1	548	0
NR_137833.1	549	0
NR_137833.1	550	0
NR_137833.1	551	0
NR_137833.1	552	0
NR_137833.1	553	0
NR_137833.1	554	0
NR_137833.1	555	0
NR_137833.1	556	0
NR_137833.1	557	0
NR_137833.1	558	0
NR_137833.1	559	0
NR_137833.1	560	0
NR_137833.1	561	0
NR_137833.1	562	0
NR_137833.1	563	0
NR_137833.1	564	0
NR_137833.1	565	0
NR_137833.1	566	0
NR_137833.1	567	0
NR_137833.1	568	0
NR_137833.1	569	0
NR_137833.1	570	0
NR_137833.1	571	0
NR_137833.1	572	0
NR_137833.1	573	0
NR_137833.1	574	0
NR_137833.1	575	0
NR_137833.1	576	0
NR_137833.1	577	0
NR_137833.1	578	0
NR_137833.1	579	0
NR_137833.1	580	0
NR_137833.1	581	0
NR_137833.1	582	0
NR_137833.1	583	0
NR_137833.1	584	0
NR_137833.1	585	0
NR_137833.1	586	0
NR_137833.1	587	0
NR_137833.1	588	0
NR_137833.1	589	0
NR_137833.1	590	0
NR_137833.1	591	0
NR_137833.1	592	0
NR_137833.1	593	0
NR_137833.1	594	0
NR_137833.1	595	0
NR_137833.1	596	0
NR_137833.1	597	0
NR_137833.1	598	0
NR_137833.1	599	0
NR_137833.1	600	0
NR_137833.1	601	0
NR_137833.1	602	0
NR_137833.1	603	0
NR_137833.1	604	0
NR_137833.1	605	0
NR_137833.1	606	0
NR_137833.1	607	0
NR_137833.1	608	1
NR_137833.1	609	1
NR_137833.1	610	1
NR_137833.1	611	1
NR_137833.1	612	1
NR_137833.1	613	1
NR_137833.1	614	1
NR_137833.1	615	1
NR_137833.1	616	1
NR_137833.1	617	2
NR_137833.1	618	2
NR_137833.1	619	2
NR_137833.1	620	2
NR_137833.1	621	2
NR_137833.1	622	2
NR_137833.1	623	2
NR_137833.1	624	2
NR_137833.1	625	2
NR_137833.1	626	2
NR_137833.1	627	2
NR_137833.1	628	2
NR_137833.1	629	2
NR_137833.1	630	1
NR_137833.1	631	1
NR_137833.1	632	1
NR_137833.1	633	1
NR_137833.1	634	1
NR_137833.1	635	1
NR_137833.1	636	1
NR_137833.1	637	1
NR_137833.1	638	1
NR_137833.1	639	1
NR_137833.1	640	0
NR_137833.1	641	0
KF777174.1	1	132
KF777174.1	2	150
KF777174.1	3	178
KF777174.1	4	185
KF777174.1	5	228
KF777174.1	6	377
KF777174.1	7	379
KF777174.1	8	381
KF777174.1	9	424
KF777174.1	10	454
KF777174.1	11	462
KF777174.1	12	482
KF777174.1	13	603
KF777174.1	14	648
KF777174.1	15	695
KF777174.1	16	735
KF777174.1	17	754
KF777174.1	18	790
KF777174.1	19	800
KF777174.1	20	804
KF777174.1	21	811
KF777174.1	22	836
KF777174.1	23	845
KF777174.1	24	845
KF777174.1	25	870
KF777174.1	26	872
KF777174.1	27	882
KF777174.1	28	891
KF777174.1	29	892
KF777174.1	30	896
KF777174.1	31	944
KF777174.1	32	954
KF777174.1	33	996
KF777174.1	34	1048
KF777174.1	35	1079
KF777174.1	36	1094
KF777174.1	37	1108
KF777174.1	38	1133
KF777174.1	39	1137
KF777174.1	40	1145
KF777174.1	41	1141
KF777174.1	42	1156
KF777174.1	43	1212
KF777174.1	44	1226
KF777174.1	45	1235
KF777174.1	46	1235
KF777174.1	47	1264
KF777174.1	48	1294
KF777174.1	49	1295
KF777174.1	50	1298
KF777174.1	51	1317
KF777174.1	52	1359
KF777174.1	53	1400
KF777174.1	54	1403
KF777174.1	55	1437
KF777174.1	56	1460
KF777174.1	57	1464
KF777174.1	58	1463
KF777174.1	59	1466
KF777174.1	60	1489
KF777174.1	61	1492
KF777174.1	62	1496
KF777174.1	63	1519
KF777174.1	64	1538
KF777174.1	65	1567
KF777174.1	66	1576
KF777174.1	67	1580
KF777174.1	68	1587
KF777174.1	69	1591
KF777174.1	70	1591
KF777174.1	71	1588
KF777174.1	72	1594
KF777174.1	73	1622
KF777174.1	74	1639
KF777174.1	75	1647
KF777174.1	76	1645
KF777174.1	77	1644
KF777174.1	78	1644
KF777174.1	79	1644
KF777174.1	80	1639
KF777174.1	81	1638
KF777174.1	82	1640
KF777174.1	83	1644
KF777174.1	84	1645
KF777174.1	85	1643
KF777174.1	86	1642
KF777174.1	87	1646
KF777174.1	88	1651
KF777174.1	89	1651
KF777174.1	90	1651
KF777174.1	91	1651
KF777174.1	92	1652
KF777174.1	93	1652
KF777174.1	94	1650
KF777174.1	95	1653
KF777174.1	96	1653
KF777174.1	97	1656
KF777174.1	98	1655
KF777174.1	99	1656
KF777174.1	100	1657
KF777174.1	101	1657
KF777174.1	102	1658
KF777174.1	103	1658
KF777174.1	104	1659
KF777174.1	105	1658
KF777174.1	106	1660
KF777174.1	107	1658
KF777174.1	108	1656
KF777174.1	109	1656
KF777174.1	110	1657
KF777174.1	111	1657
KF777174.1	112	1658
KF777174.1	113	1657
KF777174.1	114	1659
KF777174.1	115	1658
KF777174.1	116	1660
KF777174.1	117	1657
KF777174.1	118	1649
KF777174.1	119	1646
KF777174.1	120	1645
KF777174.1	121	1646
KF777174.1	122	1646
KF777174.1	123	1646
KF777174.1	124	1640
KF777174.1	125	1626
KF777174.1	126	1623
KF777174.1	127	1618
KF777174.1	128	1508
KF777174.1	129	1499
KF777174.1	130	1497
KF777174.1	131	1496
KF777174.1	132	1490
KF777174.1	133	1485
KF777174.1	134	1483
KF777174.1	135	1428
KF777174.1	136	1306
KF777174.1	137	1306
KF777174.1	138	1267
KF777174.1	139	1251
KF777174.1	140	1212
KF777174.1	141	1104
KF777174.1	142	1102
KF777174.1	143	1096
KF777174.1	144	1042
KF777174.1	145	993
KF777174.1	146	959
KF777174.1	147	939
KF777174.1	148	912
KF777174.1	149	900
KF777174.1	150	885
KF777174.1	151	847
KF777174.1	152	841
KF777174.1	153	829
KF777174.1	154	802
KF777174.1	155	801
KF777174.1	156	801
KF777174.1	157	796
KF777174.1	158	789
KF777174.1	159	784
KF777174.1	160	781
KF777174.1	161	713
KF777174.1	162	705
KF777174.1	163	632
KF777174.1	164	596
KF777174.1	165	562
KF777174.1	166	545
KF777174.1	167	531
KF777174.1	168	504
KF777174.1	169	503
KF777174.1	170	483
KF777174.1	171	445
KF777174.1	172	433
KF777174.1	173	412
KF777174.1	174	375
KF777174.1	175	355
KF777174.1	176	347
KF777174.1	177	324
KF777174.1	178	310
KF777174.1	179	295
KF777174.1	180	266
KF777174.1	181	229
KF777174.1	182	202
KF777174.1	183	191
KF777174.1	184	176
KF777174.1	185	146
KF777174.1	186	135
KF777174.1	187	126
KF777174.1	188	118
KF777174.1	189	99
KF777174.1	190	75
KF777174.1	191	71
KF777174.1	192	68
KF777174.1	193	51
KF777174.1	194	43
KF777174.1	195	40
KF777174.1	196	39
KF777174.1	197	37
KF777174.1	198	30
KF777174.1	199	30
KF777174.1	200	22
KF777174.1	201	14
KF777174.1	202	8
KF777174.1	203	1
KF777174.1	204	1
KF777174.1	205	1
KF777174.1	206	1
KF777174.1	207	1
KF777174.1	208	1
KF777174.1	209	1
KF777174.1	210	1
KF777174.1	211	1
KF777174.1	212	1
KF777174.1	213	1
KF777174.1	214	1
KF777174.1	215	1
KF777174.1	216	1
KF777174.1	217	1
KF777174.1	218	1
KF777174.1	219	1
KF777174.1	220	1
KF777174.1	221	1
KF777174.1	222	1
KF777174.1	223	1
KF777174.1	224	1
KF777174.1	225	1
KF777174.1	226	1
KF777174.1	227	1
KF777174.1	228	1
KF777174.1	229	1
KF777174.1	230	1
KF777174.1	231	1
KF777174.1	232	1
KF777174.1	233	1
KF777174.1	234	1
KF777174.1	235	1
KF777174.1	236	1
KF777174.1	237	1
KF777174.1	238	1
KF777174.1	239	1
KF777174.1	240	1
KF777174.1	241	1
KF777174.1	242	1
KF777174.1	243	1
KF777174.1	244	1
KF777174.1	245	1
KF777174.1	246	1
KF777174.1	247	1
KF777174.1	248	1
KF777174.1	249	1
KF777174.1	250	1
KF777174.1	251	1
KF777174.1	252	1
KF777174.1	253	1
KF777174.1	254	1
KF777174.1	255	1
KF777174.1	256	2
KF777174.1	257	2
KF777174.1	258	2
KF777174.1	259	2
KF777174.1	260	2
KF777174.1	261	1
KF777174.1	262	3
KF777174.1	263	3
KF777174.1	264	3
KF777174.1	265	3
KF777174.1	266	3
KF777174.1	267	4
KF777174.1	268	10
KF777174.1	269	11
KF777174.1	270	11
KF777174.1	271	11
KF777174.1	272	12
KF777174.1	273	12
KF777174.1	274	12
KF777174.1	275	16
KF777174.1	276	16
KF777174.1	277	16
KF777174.1	278	16
KF777174.1	279	23
KF777174.1	280	23
KF777174.1	281	23
KF777174.1	282	29
KF777174.1	283	29
KF777174.1	284	29
KF777174.1	285	31
KF777174.1	286	33
KF777174.1	287	34
KF777174.1	288	34
KF777174.1	289	34
KF777174.1	290	34
KF777174.1	291	35
KF777174.1	292	35
KF777174.1	293	35
KF777174.1	294	36
KF777174.1	295	39
KF777174.1	296	39
KF777174.1	297	40
KF777174.1	298	41
KF777174.1	299	48
KF777174.1	300	50
KF777174.1	301	50
KF777174.1	302	50
KF777174.1	303	51
KF777174.1	304	51
KF777174.1	305	51
KF777174.1	306	51
KF777174.1	307	51
KF777174.1	308	53
KF777174.1	309	53
KF777174.1	310	54
KF777174.1	311	56
KF777174.1	312	57
KF777174.1	313	57
KF777174.1	314	24
KF777174.1	315	65
KF777174.1	316	67
KF777174.1	317	67
KF777174.1	318	67
KF777174.1	319	68
KF777174.1	320	67
KF777174.1	321	69
KF777174.1	322	69
KF777174.1	323	70
KF777174.1	324	73
KF777174.1	325	77
KF777174.1	326	80
KF777174.1	327	83
KF777174.1	328	85
KF777174.1	329	85
KF777174.1	330	85
KF777174.1	331	85
KF777174.1	332	90
KF777174.1	333	98
KF777174.1	334	102
KF777174.1	335	104
KF777174.1	336	110
KF777174.1	337	118
KF777174.1	338	121
KF777174.1	339	125
KF777174.1	340	132
KF777174.1	341	133
KF777174.1	342	135
KF777174.1	343	148
KF777174.1	344	170
KF777174.1	345	187
KF777174.1	346	200
KF777174.1	347	220
KF777174.1	348	235
KF777174.1	349	214
KF777174.1	350	223
KF777174.1	351	295
KF777174.1	352	304
KF777174.1	353	331
KF777174.1	354	335
KF777174.1	355	342
KF777174.1	356	356
KF777174.1	357	362
KF777174.1	358	375
KF777174.1	359	378
KF777174.1	360	448
KF777174.1	361	452
KF777174.1	362	459
KF777174.1	363	464
KF777174.1	364	467
KF777174.1	365	482
KF777174.1	366	495
KF777174.1	367	495
KF777174.1	368	501
KF777174.1	369	502
KF777174.1	370	510
KF777174.1	371	511
KF777174.1	372	512
KF777174.1	373	521
KF777174.1	374	525
KF777174.1	375	527
KF777174.1	376	526
KF777174.1	377	527
KF777174.1	378	533
KF777174.1	379	553
KF777174.1	380	577
KF777174.1	381	584
KF777174.1	382	584
KF777174.1	383	585
KF777174.1	384	596
KF777174.1	385	596
KF777174.1	386	597
KF777174.1	387	606
KF777174.1	388	626
KF777174.1	389	640
KF777174.1	390	661
KF777174.1	391	661
KF777174.1	392	664
KF777174.1	393	677
KF777174.1	394	683
KF777174.1	395	705
KF777174.1	396	718
KF777174.1	397	726
KF777174.1	398	726
KF777174.1	399	737
KF777174.1	400	759
KF777174.1	401	761
KF777174.1	402	779
KF777174.1	403	780
KF777174.1	404	795
KF777174.1	405	836
KF777174.1	406	836
KF777174.1	407	854
KF777174.1	408	857
KF777174.1	409	858
KF777174.1	410	866
KF777174.1	411	880
KF777174.1	412	879
KF777174.1	413	885
KF777174.1	414	898
KF777174.1	415	898
KF777174.1	416	908
KF777174.1	417	916
KF777174.1	418	916
KF777174.1	419	917
KF777174.1	420	920
KF777174.1	421	928
KF777174.1	422	928
KF777174.1	423	928
KF777174.1	424	934
KF777174.1	425	934
KF777174.1	426	936
KF777174.1	427	935
KF777174.1	428	939
KF777174.1	429	935
KF777174.1	430	935
KF777174.1	431	940
KF777174.1	432	941
KF777174.1	433	961
KF777174.1	434	964
KF777174.1	435	971
KF777174.1	436	972
KF777174.1	437	972
KF777174.1	438	977
KF777174.1	439	976
KF777174.1	440	992
KF777174.1	441	991
KF777174.1	442	995
KF777174.1	443	992
KF777174.1	444	994
KF777174.1	445	997
KF777174.1	446	1001
KF777174.1	447	1006
KF777174.1	448	1006
KF777174.1	449	1006
KF777174.1	450	1010
KF777174.1	451	1009
KF777174.1	452	1013
KF777174.1	453	1014
KF777174.1	454	1012
KF777174.1	455	1014
KF777174.1	456	1001
KF777174.1	457	1006
KF777174.1	458	1006
KF777174.1	459	1003
KF777174.1	460	1002
KF777174.1	461	1004
KF777174.1	462	996
KF777174.1	463	998
KF777174.1	464	995
KF777174.1	465	992
KF777174.1	466	980
KF777174.1	467	972
KF777174.1	468	966
KF777174.1	469	967
KF777174.1	470	965
KF777174.1	471	966
KF777174.1	472	945
KF777174.1	473	936
KF777174.1	474	915
KF777174.1	475	872
KF777174.1	476	875
KF777174.1	477	819
KF777174.1	478	814
KF777174.1	479	818
KF777174.1	480	795
KF777174.1	481	796
KF777174.1	482	794
KF777174.1	483	795
KF777174.1	484	788
KF777174.1	485	764
KF777174.1	486	749
KF777174.1	487	747
KF777174.1	488	747
KF777174.1	489	746
KF777174.1	490	657
KF777174.1	491	656
KF777174.1	492	651
KF777174.1	493	648
KF777174.1	494	640
KF777174.1	495	631
KF777174.1	496	623
KF777174.1	497	622
KF777174.1	498	607
KF777174.1	499	595
KF777174.1	500	590
KF777174.1	501	592
KF777174.1	502	594
KF777174.1	503	594
KF777174.1	504	591
KF777174.1	505	589
KF777174.1	506	589
KF777174.1	507	588
KF777174.1	508	585
KF777174.1	509	563
KF777174.1	510	542
KF777174.1	511	536
KF777174.1	512	527
KF777174.1	513	526
KF777174.1	514	526
KF777174.1	515	523
KF777174.1	516	520
KF777174.1	517	511
KF777174.1	518	483
KF777174.1	519	469
KF777174.1	520	441
KF777174.1	521	425
KF777174.1	522	431
KF777174.1	523	431
KF777174.1	524	428
KF777174.1	525	409
KF777174.1	526	398
KF777174.1	527	377
KF777174.1	528	362
KF777174.1	529	357
KF777174.1	530	329
KF777174.1	531	328
KF777174.1	532	319
KF777174.1	533	315
KF777174.1	534	304
KF777174.1	535	256
KF777174.1	536	247
KF777174.1	537	241
KF777174.1	538	236
KF777174.1	539	236
KF777174.1	540	227
KF777174.1	541	219
KF777174.1	542	213
KF777174.1	543	206
KF777174.1	544	184
KF777174.1	545	181
KF777174.1	546	175
KF777174.1	547	168
KF777174.1	548	165
KF777174.1	549	156
KF777174.1	550	155
KF777174.1	551	150
KF777174.1	552	71
KF777174.1	553	142
KF777174.1	554	145
KF777174.1	555	142
KF777174.1	556	143
KF777174.1	557	141
KF777174.1	558	140
KF777174.1	559	134
KF777174.1	560	123
KF777174.1	561	127
KF777174.1	562	94
KF777174.1	563	105
KF777174.1	564	99
KF777174.1	565	95
KF777174.1	566	92
KF777174.1	567	80
KF777174.1	568	94
KF777174.1	569	97
KF777174.1	570	94
KF777174.1	571	85
KF777174.1	572	81
KF777174.1	573	80
KF777174.1	574	73
KF777174.1	575	69
KF777174.1	576	69
KF777174.1	577	67
KF777174.1	578	67
KF777174.1	579	65
KF777174.1	580	63
KF777174.1	581	60
KF777174.1	582	60
KF777174.1	583	59
KF777174.1	584	57
KF777174.1	585	55
KF777174.1	586	53
KF777174.1	587	50
KF777174.1	588	49
KF777174.1	589	49
KF777174.1	590	46
KF777174.1	591	45
KF777174.1	592	41
KF777174.1	593	41
KF777174.1	594	41
KF777174.1	595	38
KF777174.1	596	38
KF777174.1	597	36
KF777174.1	598	36
KF777174.1	599	34
KF777174.1	600	34
KF777174.1	601	32
KF777174.1	602	32
KF777174.1	603	32
KF777174.1	604	30
KF777174.1	605	29
KF777174.1	606	26
KF777174.1	607	25
KF777174.1	608	25
KF777174.1	609	17
KF777174.1	610	17
KF777174.1	611	9
KF777174.1	612	3
KF777174.1	613	2
KF777174.1	614	0
KF777174.1	615	0
KF777174.1	616	0
KF777174.1	617	0
KF777174.1	618	0
KF777174.1	619	0
KF777174.1	620	0
KF777174.1	621	0
KF777174.1	622	0
KF777174.1	623	0
KF777174.1	624	0
KF777174.1	625	0
KF777174.1	626	0
KF777174.1	627	0
KF777174.1	628	0
KF777174.1	629	0
KF777174.1	630	0
KF777174.1	631	0
KF777174.1	632	0
KF777174.1	633	0
KF777174.1	634	0
KF777174.1	635	0
KF777174.1	636	0
KF777174.1	637	0
KF777174.1	638	0
KF777174.1	639	0
KF777174.1	640	0
KF777174.1	641	0
KF777174.1	642	0
KF777174.1	643	0
KF777174.1	644	0
KF777174.1	645	0
KF777174.1	646	0
KF777174.1	647	0
KF777174.1	648	0
KF777174.1	649	0
KF777174.1	650	0
KF777174.1	651	0
KF777174.1	652	0
KF777174.1	653	0
KF777174.1	654	0
KF777174.1	655	0
KF777174.1	656	0
KF777174.1	657	0
KF777174.1	658	0
KF777174.1	659	0
KF777174.1	660	0
KF777174.1	661	0
KF777174.1	662	0
KF777174.1	663	0
KF777174.1	664	0
KF777174.1	665	0
KF777174.1	666	0
KF777174.1	667	0
KF777174.1	668	0
KF777174.1	669	0
KF777174.1	670	0
KF777174.1	671	0
KF777174.1	672	0
KF777174.1	673	0
KF777174.1	674	0
KF777174.1	675	1
KF777174.1	676	1
KF777174.1	677	1
KF777174.1	678	1
KF777174.1	679	1
KF777174.1	680	1
KF777174.1	681	1
KF777174.1	682	1
KF777174.1	683	1
KF777174.1	684	1
KF777174.1	685	1
KF777174.1	686	1
KF777174.1	687	1
KF777174.1	688	1
KF777174.1	689	1
KF777174.1	690	1
KF777174.1	691	1
KF777174.1	692	1
KF777174.1	693	1
KF777174.1	694	1
KF777174.1	695	1
KF777174.1	696	1
KF777174.1	697	1
KF777174.1	698	1
KF777174.1	699	0
KF777174.1	700	0
KF777174.1	701	0
KF777174.1	702	0
KF777174.1	703	0
KF777174.1	704	0
KF777174.1	705	0
KF777174.1	706	0
KF777174.1	707	0
KF777174.1	708	0
KF777174.1	709	0
KF777174.1	710	0
KF777174.1	711	0
KF777174.1	712	0
KF777174.1	713	0
KF777174.1	714	0
KF777174.1	715	0
KF777227.1	1	45
KF777227.1	2	92
KF777227.1	3	110
KF777227.1	4	122
KF777227.1	5	160
KF777227.1	6	172
KF777227.1	7	214
KF777227.1	8	323
KF777227.1	9	341
KF777227.1	10	347
KF777227.1	11	354
KF777227.1	12	408
KF777227.1	13	420
KF777227.1	14	424
KF777227.1	15	429
KF777227.1	16	446
KF777227.1	17	450
KF777227.1	18	460
KF777227.1	19	473
KF777227.1	20	478
KF777227.1	21	479
KF777227.1	22	480
KF777227.1	23	502
KF777227.1	24	532
KF777227.1	25	543
KF777227.1	26	552
KF777227.1	27	557
KF777227.1	28	560
KF777227.1	29	563
KF777227.1	30	563
KF777227.1	31	577
KF777227.1	32	581
KF777227.1	33	581
KF777227.1	34	581
KF777227.1	35	581
KF777227.1	36	582
KF777227.1	37	587
KF777227.1	38	610
KF777227.1	39	610
KF777227.1	40	611
KF777227.1	41	631
KF777227.1	42	634
KF777227.1	43	650
KF777227.1	44	652
KF777227.1	45	652
KF777227.1	46	663
KF777227.1	47	678
KF777227.1	48	678
KF777227.1	49	680
KF777227.1	50	680
KF777227.1	51	683
KF777227.1	52	685
KF777227.1	53	684
KF777227.1	54	683
KF777227.1	55	684
KF777227.1	56	688
KF777227.1	57	721
KF777227.1	58	731
KF777227.1	59	734
KF777227.1	60	739
KF777227.1	61	738
KF777227.1	62	756
KF777227.1	63	764
KF777227.1	64	763
KF777227.1	65	772
KF777227.1	66	788
KF777227.1	67	790
KF777227.1	68	795
KF777227.1	69	796
KF777227.1	70	797
KF777227.1	71	813
KF777227.1	72	824
KF777227.1	73	826
KF777227.1	74	834
KF777227.1	75	841
KF777227.1	76	851
KF777227.1	77	855
KF777227.1	78	859
KF777227.1	79	858
KF777227.1	80	887
KF777227.1	81	887
KF777227.1	82	888
KF777227.1	83	902
KF777227.1	84	902
KF777227.1	85	906
KF777227.1	86	915
KF777227.1	87	915
KF777227.1	88	915
KF777227.1	89	916
KF777227.1	90	916
KF777227.1	91	920
KF777227.1	92	949
KF777227.1	93	954
KF777227.1	94	955
KF777227.1	95	956
KF777227.1	96	957
KF777227.1	97	962
KF777227.1	98	965
KF777227.1	99	974
KF777227.1	100	974
KF777227.1	101	978
KF777227.1	102	978
KF777227.1	103	973
KF777227.1	104	974
KF777227.1	105	969
KF777227.1	106	946
KF777227.1	107	882
KF777227.1	108	864
KF777227.1	109	886
KF777227.1	110	944
KF777227.1	111	953
KF777227.1	112	958
KF777227.1	113	968
KF777227.1	114	967
KF777227.1	115	968
KF777227.1	116	968
KF777227.1	117	967
KF777227.1	118	962
KF777227.1	119	971
KF777227.1	120	968
KF777227.1	121	967
KF777227.1	122	975
KF777227.1	123	968
KF777227.1	124	971
KF777227.1	125	966
KF777227.1	126	966
KF777227.1	127	968
KF777227.1	128	964
KF777227.1	129	963
KF777227.1	130	966
KF777227.1	131	961
KF777227.1	132	948
KF777227.1	133	941
KF777227.1	134	938
KF777227.1	135	893
KF777227.1	136	792
KF777227.1	137	790
KF777227.1	138	787
KF777227.1	139	764
KF777227.1	140	756
KF777227.1	141	725
KF777227.1	142	690
KF777227.1	143	690
KF777227.1	144	686
KF777227.1	145	672
KF777227.1	146	663
KF777227.1	147	648
KF777227.1	148	650
KF777227.1	149	644
KF777227.1	150	636
KF777227.1	151	624
KF777227.1	152	612
KF777227.1	153	608
KF777227.1	154	590
KF777227.1	155	580
KF777227.1	156	582
KF777227.1	157	582
KF777227.1	158	581
KF777227.1	159	578
KF777227.1	160	585
KF777227.1	161	595
KF777227.1	162	589
KF777227.1	163	593
KF777227.1	164	595
KF777227.1	165	610
KF777227.1	166	586
KF777227.1	167	587
KF777227.1	168	585
KF777227.1	169	584
KF777227.1	170	579
KF777227.1	171	570
KF777227.1	172	574
KF777227.1	173	575
KF777227.1	174	571
KF777227.1	175	574
KF777227.1	176	571
KF777227.1	177	562
KF777227.1	178	575
KF777227.1	179	575
KF777227.1	180	575
KF777227.1	181	571
KF777227.1	182	584
KF777227.1	183	562
KF777227.1	184	558
KF777227.1	185	557
KF777227.1	186	550
KF777227.1	187	573
KF777227.1	188	575
KF777227.1	189	572
KF777227.1	190	569
KF777227.1	191	564
KF777227.1	192	573
KF777227.1	193	567
KF777227.1	194	565
KF777227.1	195	640
KF777227.1	196	644
KF777227.1	197	651
KF777227.1	198	661
KF777227.1	199	658
KF777227.1	200	643
KF777227.1	201	645
KF777227.1	202	643
KF777227.1	203	642
KF777227.1	204	655
KF777227.1	205	657
KF777227.1	206	653
KF777227.1	207	655
KF777227.1	208	660
KF777227.1	209	635
KF777227.1	210	640
KF777227.1	211	633
KF777227.1	212	640
KF777227.1	213	643
KF777227.1	214	647
KF777227.1	215	652
KF777227.1	216	647
KF777227.1	217	649
KF777227.1	218	649
KF777227.1	219	634
KF777227.1	220	631
KF777227.1	221	625
KF777227.1	222	640
KF777227.1	223	646
KF777227.1	224	651
KF777227.1	225	658
KF777227.1	226	673
KF777227.1	227	671
KF777227.1	228	678
KF777227.1	229	668
KF777227.1	230	743
KF777227.1	231	772
KF777227.1	232	792
KF777227.1	233	822
KF777227.1	234	823
KF777227.1	235	852
KF777227.1	236	860
KF777227.1	237	876
KF777227.1	238	879
KF777227.1	239	879
KF777227.1	240	961
KF777227.1	241	969
KF777227.1	242	991
KF777227.1	243	996
KF777227.1	244	1000
KF777227.1	245	999
KF777227.1	246	1002
KF777227.1	247	992
KF777227.1	248	993
KF777227.1	249	998
KF777227.1	250	1023
KF777227.1	251	1021
KF777227.1	252	1021
KF777227.1	253	1021
KF777227.1	254	1023
KF777227.1	255	1018
KF777227.1	256	1027
KF777227.1	257	1025
KF777227.1	258	1031
KF777227.1	259	1050
KF777227.1	260	1040
KF777227.1	261	1042
KF777227.1	262	1023
KF777227.1	263	1016
KF777227.1	264	1018
KF777227.1	265	1036
KF777227.1	266	1043
KF777227.1	267	1061
KF777227.1	268	1103
KF777227.1	269	1100
KF777227.1	270	1096
KF777227.1	271	1095
KF777227.1	272	1133
KF777227.1	273	1142
KF777227.1	274	1145
KF777227.1	275	1147
KF777227.1	276	1166
KF777227.1	277	1182
KF777227.1	278	1184
KF777227.1	279	1189
KF777227.1	280	1189
KF777227.1	281	1251
KF777227.1	282	1252
KF777227.1	283	1256
KF777227.1	284	1275
KF777227.1	285	1294
KF777227.1	286	1310
KF777227.1	287	1319
KF777227.1	288	1320
KF777227.1	289	1340
KF777227.1	290	1305
KF777227.1	291	1308
KF777227.1	292	1310
KF777227.1	293	1312
KF777227.1	294	1323
KF777227.1	295	1322
KF777227.1	296	1322
KF777227.1	297	1323
KF777227.1	298	1329
KF777227.1	299	1323
KF777227.1	300	1319
KF777227.1	301	1310
KF777227.1	302	1344
KF777227.1	303	1347
KF777227.1	304	1344
KF777227.1	305	1330
KF777227.1	306	1331
KF777227.1	307	1318
KF777227.1	308	1318
KF777227.1	309	1319
KF777227.1	310	1309
KF777227.1	311	1383
KF777227.1	312	1380
KF777227.1	313	1421
KF777227.1	314	1423
KF777227.1	315	1418
KF777227.1	316	1416
KF777227.1	317	1401
KF777227.1	318	1399
KF777227.1	319	1419
KF777227.1	320	1373
KF777227.1	321	1355
KF777227.1	322	1354
KF777227.1	323	1375
KF777227.1	324	1357
KF777227.1	325	1351
KF777227.1	326	1358
KF777227.1	327	1372
KF777227.1	328	1377
KF777227.1	329	1380
KF777227.1	330	1358
KF777227.1	331	1372
KF777227.1	332	1373
KF777227.1	333	1372
KF777227.1	334	1336
KF777227.1	335	1343
KF777227.1	336	1342
KF777227.1	337	1348
KF777227.1	338	1342
KF777227.1	339	1332
KF777227.1	340	1343
KF777227.1	341	1449
KF777227.1	342	1445
KF777227.1	343	1451
KF777227.1	344	1446
KF777227.1	345	1446
KF777227.1	346	1432
KF777227.1	347	1432
KF777227.1	348	1428
KF777227.1	349	1431
KF777227.1	350	1421
KF777227.1	351	1422
KF777227.1	352	1417
KF777227.1	353	1419
KF777227.1	354	1408
KF777227.1	355	1437
KF777227.1	356	1430
KF777227.1	357	1429
KF777227.1	358	1423
KF777227.1	359	1418
KF777227.1	360	1333
KF777227.1	361	1325
KF777227.1	362	1285
KF777227.1	363	1281
KF777227.1	364	1280
KF777227.1	365	1252
KF777227.1	366	1247
KF777227.1	367	1241
KF777227.1	368	1236
KF777227.1	369	1222
KF777227.1	370	1160
KF777227.1	371	1154
KF777227.1	372	1159
KF777227.1	373	1156
KF777227.1	374	1162
KF777227.1	375	1163
KF777227.1	376	1164
KF777227.1	377	1165
KF777227.1	378	1165
KF777227.1	379	1159
KF777227.1	380	1138
KF777227.1	381	1147
KF777227.1	382	1139
KF777227.1	383	1147
KF777227.1	384	1146
KF777227.1	385	1146
KF777227.1	386	1145
KF777227.1	387	1146
KF777227.1	388	1136
KF777227.1	389	1123
KF777227.1	390	1097
KF777227.1	391	1098
KF777227.1	392	1118
KF777227.1	393	1117
KF777227.1	394	1129
KF777227.1	395	1128
KF777227.1	396	1120
KF777227.1	397	1100
KF777227.1	398	1062
KF777227.1	399	1061
KF777227.1	400	1058
KF777227.1	401	1023
KF777227.1	402	1002
KF777227.1	403	1011
KF777227.1	404	1007
KF777227.1	405	992
KF777227.1	406	986
KF777227.1	407	960
KF777227.1	408	962
KF777227.1	409	962
KF777227.1	410	916
KF777227.1	411	896
KF777227.1	412	877
KF777227.1	413	874
KF777227.1	414	848
KF777227.1	415	853
KF777227.1	416	846
KF777227.1	417	837
KF777227.1	418	843
KF777227.1	419	795
KF777227.1	420	832
KF777227.1	421	824
KF777227.1	422	830
KF777227.1	423	822
KF777227.1	424	813
KF777227.1	425	819
KF777227.1	426	816
KF777227.1	427	814
KF777227.1	428	814
KF777227.1	429	812
KF777227.1	430	804
KF777227.1	431	799
KF777227.1	432	801
KF777227.1	433	801
KF777227.1	434	803
KF777227.1	435	800
KF777227.1	436	800
KF777227.1	437	799
KF777227.1	438	805
KF777227.1	439	804
KF777227.1	440	763
KF777227.1	441	730
KF777227.1	442	708
KF777227.1	443	687
KF777227.1	444	696
KF777227.1	445	693
KF777227.1	446	684
KF777227.1	447	682
KF777227.1	448	671
KF777227.1	449	665
KF777227.1	450	625
KF777227.1	451	624
KF777227.1	452	607
KF777227.1	453	607
KF777227.1	454	594
KF777227.1	455	603
KF777227.1	456	603
KF777227.1	457	588
KF777227.1	458	587
KF777227.1	459	589
KF777227.1	460	587
KF777227.1	461	590
KF777227.1	462	581
KF777227.1	463	587
KF777227.1	464	612
KF777227.1	465	603
KF777227.1	466	601
KF777227.1	467	590
KF777227.1	468	590
KF777227.1	469	595
KF777227.1	470	596
KF777227.1	471	537
KF777227.1	472	528
KF777227.1	473	552
KF777227.1	474	551
KF777227.1	475	551
KF777227.1	476	551
KF777227.1	477	549
KF777227.1	478	554
KF777227.1	479	565
KF777227.1	480	566
KF777227.1	481	565
KF777227.1	482	561
KF777227.1	483	571
KF777227.1	484	573
KF777227.1	485	539
KF777227.1	486	538
KF777227.1	487	535
KF777227.1	488	544
KF777227.1	489	542
KF777227.1	490	539
KF777227.1	491	556
KF777227.1	492	547
KF777227.1	493	550
KF777227.1	494	552
KF777227.1	495	548
KF777227.1	496	541
KF777227.1	497	538
KF777227.1	498	540
KF777227.1	499	507
KF777227.1	500	534
KF777227.1	501	537
KF777227.1	502	526
KF777227.1	503	525
KF777227.1	504	523
KF777227.1	505	524
KF777227.1	506	550
KF777227.1	507	547
KF777227.1	508	537
KF777227.1	509	539
KF777227.1	510	537
KF777227.1	511	529
KF777227.1	512	529
KF777227.1	513	528
KF777227.1	514	530
KF777227.1	515	542
KF777227.1	516	547
KF777227.1	517	555
KF777227.1	518	561
KF777227.1	519	336
KF777227.1	520	593
KF777227.1	521	578
KF777227.1	522	567
KF777227.1	523	570
KF777227.1	524	560
KF777227.1	525	551
KF777227.1	526	561
KF777227.1	527	563
KF777227.1	528	567
KF777227.1	529	570
KF777227.1	530	568
KF777227.1	531	570
KF777227.1	532	568
KF777227.1	533	563
KF777227.1	534	566
KF777227.1	535	563
KF777227.1	536	562
KF777227.1	537	561
KF777227.1	538	562
KF777227.1	539	558
KF777227.1	540	548
KF777227.1	541	546
KF777227.1	542	552
KF777227.1	543	570
KF777227.1	544	575
KF777227.1	545	589
KF777227.1	546	599
KF777227.1	547	606
KF777227.1	548	602
KF777227.1	549	583
KF777227.1	550	588
KF777227.1	551	595
KF777227.1	552	588
KF777227.1	553	603
KF777227.1	554	584
KF777227.1	555	592
KF777227.1	556	593
KF777227.1	557	613
KF777227.1	558	628
KF777227.1	559	631
KF777227.1	560	638
KF777227.1	561	647
KF777227.1	562	668
KF777227.1	563	661
KF777227.1	564	640
KF777227.1	565	665
KF777227.1	566	672
KF777227.1	567	676
KF777227.1	568	676
KF777227.1	569	702
KF777227.1	570	739
KF777227.1	571	747
KF777227.1	572	757
KF777227.1	573	759
KF777227.1	574	756
KF777227.1	575	831
KF777227.1	576	837
KF777227.1	577	854
KF777227.1	578	863
KF777227.1	579	863
KF777227.1	580	866
KF777227.1	581	869
KF777227.1	582	884
KF777227.1	583	891
KF777227.1	584	884
KF777227.1	585	879
KF777227.1	586	883
KF777227.1	587	886
KF777227.1	588	888
KF777227.1	589	889
KF777227.1	590	893
KF777227.1	591	908
KF777227.1	592	953
KF777227.1	593	952
KF777227.1	594	928
KF777227.1	595	929
KF777227.1	596	913
KF777227.1	597	916
KF777227.1	598	918
KF777227.1	599	922
KF777227.1	600	930
KF777227.1	601	908
KF777227.1	602	912
KF777227.1	603	885
KF777227.1	604	885
KF777227.1	605	886
KF777227.1	606	921
KF777227.1	607	930
KF777227.1	608	925
KF777227.1	609	935
KF777227.1	610	940
KF777227.1	611	933
KF777227.1	612	934
KF777227.1	613	945
KF777227.1	614	961
KF777227.1	615	1002
KF777227.1	616	1016
KF777227.1	617	1019
KF777227.1	618	1010
KF777227.1	619	1012
KF777227.1	620	1023
KF777227.1	621	1024
KF777227.1	622	1054
KF777227.1	623	1057
KF777227.1	624	1055
KF777227.1	625	1071
KF777227.1	626	1072
KF777227.1	627	1075
KF777227.1	628	1071
KF777227.1	629	1099
KF777227.1	630	1077
KF777227.1	631	1078
KF777227.1	632	1082
KF777227.1	633	1098
KF777227.1	634	1099
KF777227.1	635	1097
KF777227.1	636	1072
KF777227.1	637	1069
KF777227.1	638	1069
KF777227.1	639	1065
KF777227.1	640	1062
KF777227.1	641	1075
KF777227.1	642	1106
KF777227.1	643	1101
KF777227.1	644	1105
KF777227.1	645	1109
KF777227.1	646	1112
KF777227.1	647	1111
KF777227.1	648	1113
KF777227.1	649	1112
KF777227.1	650	1097
KF777227.1	651	1175
KF777227.1	652	1180
KF777227.1	653	1176
KF777227.1	654	1174
KF777227.1	655	1175
KF777227.1	656	1166
KF777227.1	657	1170
KF777227.1	658	1180
KF777227.1	659	1255
KF777227.1	660	1264
KF777227.1	661	1278
KF777227.1	662	1290
KF777227.1	663	1297
KF777227.1	664	1296
KF777227.1	665	1295
KF777227.1	666	1295
KF777227.1	667	1311
KF777227.1	668	1331
KF777227.1	669	1376
KF777227.1	670	1385
KF777227.1	671	1383
KF777227.1	672	1364
KF777227.1	673	1357
KF777227.1	674	1354
KF777227.1	675	1358
KF777227.1	676	1357
KF777227.1	677	1378
KF777227.1	678	1392
KF777227.1	679	1393
KF777227.1	680	1389
KF777227.1	681	1383
KF777227.1	682	1384
KF777227.1	683	1371
KF777227.1	684	1397
KF777227.1	685	1393
KF777227.1	686	1403
KF777227.1	687	1391
KF777227.1	688	1361
KF777227.1	689	1358
KF777227.1	690	1332
KF777227.1	691	1328
KF777227.1	692	1329
KF777227.1	693	1331
KF777227.1	694	1336
KF777227.1	695	1329
KF777227.1	696	1344
KF777227.1	697	1338
KF777227.1	698	1322
KF777227.1	699	1258
KF777227.1	700	1250
KF777227.1	701	1255
KF777227.1	702	1248
KF777227.1	703	1253
KF777227.1	704	1207
KF777227.1	705	1154
KF777227.1	706	783
KF777227.1	707	735
KF777227.1	708	1183
KF777227.1	709	1256
KF777227.1	710	1254
KF777227.1	711	1281
KF777227.1	712	1288
KF777227.1	713	1284
KF777227.1	714	1286
KF777227.1	715	1291
KF777227.1	716	1293
KF777227.1	717	1287
KF777227.1	718	1290
KF777227.1	719	1317
KF777227.1	720	1336
KF777227.1	721	1345
KF777227.1	722	1283
KF777227.1	723	1282
KF777227.1	724	1283
KF777227.1	725	1287
KF777227.1	726	1293
KF777227.1	727	1301
KF777227.1	728	1364
KF777227.1	729	1366
KF777227.1	730	1359
KF777227.1	731	1355
KF777227.1	732	1354
KF777227.1	733	1396
KF777227.1	734	1400
KF777227.1	735	1401
KF777227.1	736	1377
KF777227.1	737	1406
KF777227.1	738	1401
KF777227.1	739	1422
KF777227.1	740	1417
KF777227.1	741	1394
KF777227.1	742	1393
KF777227.1	743	1518
KF777227.1	744	1517
KF777227.1	745	1508
KF777227.1	746	1470
KF777227.1	747	1449
KF777227.1	748	1450
KF777227.1	749	1473
KF777227.1	750	1472
KF777227.1	751	1482
KF777227.1	752	1432
KF777227.1	753	1454
KF777227.1	754	1434
KF777227.1	755	1433
KF777227.1	756	1432
KF777227.1	757	1434
KF777227.1	758	1441
KF777227.1	759	1413
KF777227.1	760	1424
KF777227.1	761	1444
KF777227.1	762	1449
KF777227.1	763	1478
KF777227.1	764	1486
KF777227.1	765	1486
KF777227.1	766	1653
KF777227.1	767	1778
KF777227.1	768	1820
KF777227.1	769	1819
KF777227.1	770	1805
KF777227.1	771	1802
KF777227.1	772	1804
KF777227.1	773	1900
KF777227.1	774	1943
KF777227.1	775	1972
KF777227.1	776	1975
KF777227.1	777	1937
KF777227.1	778	1993
KF777227.1	779	2000
KF777227.1	780	2029
KF777227.1	781	1998
KF777227.1	782	2033
KF777227.1	783	2023
KF777227.1	784	2032
KF777227.1	785	2028
KF777227.1	786	2011
KF777227.1	787	2011
KF777227.1	788	1949
KF777227.1	789	1951
KF777227.1	790	1965
KF777227.1	791	1950
KF777227.1	792	1954
KF777227.1	793	1936
KF777227.1	794	1943
KF777227.1	795	1966
KF777227.1	796	1968
KF777227.1	797	1971
KF777227.1	798	2005
KF777227.1	799	1951
KF777227.1	800	1948
KF777227.1	801	2043
KF777227.1	802	2046
KF777227.1	803	2053
KF777227.1	804	2049
KF777227.1	805	2081
KF777227.1	806	2083
KF777227.1	807	2060
KF777227.1	808	2070
KF777227.1	809	2086
KF777227.1	810	2077
KF777227.1	811	2089
KF777227.1	812	2089
KF777227.1	813	2091
KF777227.1	814	2099
KF777227.1	815	2092
KF777227.1	816	2057
KF777227.1	817	2051
KF777227.1	818	2045
KF777227.1	819	2048
KF777227.1	820	2047
KF777227.1	821	2050
KF777227.1	822	2050
KF777227.1	823	2050
KF777227.1	824	2046
KF777227.1	825	2042
KF777227.1	826	2025
KF777227.1	827	2025
KF777227.1	828	2022
KF777227.1	829	2019
KF777227.1	830	2019
KF777227.1	831	2019
KF777227.1	832	2003
KF777227.1	833	1996
KF777227.1	834	1996
KF777227.1	835	1994
KF777227.1	836	1993
KF777227.1	837	1876
KF777227.1	838	1870
KF777227.1	839	1858
KF777227.1	840	1855
KF777227.1	841	1809
KF777227.1	842	1803
KF777227.1	843	1803
KF777227.1	844	1795
KF777227.1	845	1778
KF777227.1	846	1780
KF777227.1	847	1764
KF777227.1	848	1764
KF777227.1	849	1727
KF777227.1	850	1726
KF777227.1	851	1717
KF777227.1	852	1716
KF777227.1	853	1716
KF777227.1	854	1699
KF777227.1	855	1700
KF777227.1	856	1696
KF777227.1	857	1683
KF777227.1	858	1636
KF777227.1	859	1634
KF777227.1	860	1632
KF777227.1	861	1621
KF777227.1	862	1602
KF777227.1	863	1588
KF777227.1	864	1584
KF777227.1	865	1583
KF777227.1	866	1582
KF777227.1	867	1539
KF777227.1	868	1533
KF777227.1	869	1504
KF777227.1	870	1503
KF777227.1	871	1497
KF777227.1	872	1493
KF777227.1	873	1384
KF777227.1	874	1383
KF777227.1	875	1378
KF777227.1	876	1375
KF777227.1	877	1344
KF777227.1	878	1341
KF777227.1	879	1336
KF777227.1	880	1336
KF777227.1	881	1327
KF777227.1	882	1319
KF777227.1	883	1302
KF777227.1	884	1302
KF777227.1	885	1301
KF777227.1	886	1287
KF777227.1	887	1276
KF777227.1	888	1274
KF777227.1	889	1274
KF777227.1	890	1270
KF777227.1	891	1208
KF777227.1	892	1208
KF777227.1	893	1179
KF777227.1	894	1150
KF777227.1	895	1078
KF777227.1	896	910
KF777227.1	897	865
KF777227.1	898	832
KF777227.1	899	817
KF777227.1	900	813
KF777227.1	901	812
KF777227.1	902	800
KF777227.1	903	662
KF777227.1	904	650
KF777227.1	905	625
KF777227.1	906	544
KF777227.1	907	536
KF777227.1	908	533
KF777227.1	909	532
KF777227.1	910	508
KF777227.1	911	505
KF777227.1	912	414
KF777227.1	913	408
KF777227.1	914	404
KF777227.1	915	404
KF777227.1	916	400
KF777227.1	917	398
KF777227.1	918	381
KF777227.1	919	358
KF777227.1	920	293
KF777227.1	921	229
MT279254.1	1	0
MT279254.1	2	0
MT279254.1	3	0
MT279254.1	4	0
MT279254.1	5	0
MT279254.1	6	0
MT279254.1	7	0
MT279254.1	8	0
MT279254.1	9	0
MT279254.1	10	0
MT279254.1	11	0
MT279254.1	12	0
MT279254.1	13	0
MT279254.1	14	0
MT279254.1	15	0
MT279254.1	16	0
MT279254.1	17	0
MT279254.1	18	0
MT279254.1	19	0
MT279254.1	20	0
MT279254.1	21	0
MT279254.1	22	0
MT279254.1	23	0
MT279254.1	24	0
MT279254.1	25	0
MT279254.1	26	0
MT279254.1	27	0
MT279254.1	28	0
MT279254.1	29	0
MT279254.1	30	0
MT279254.1	31	0
MT279254.1	32	0
MT279254.1	33	0
MT279254.1	34	0
MT279254.1	35	0
MT279254.1	36	0
MT279254.1	37	0
MT279254.1	38	0
MT279254.1	39	0
MT279254.1	40	0
MT279254.1	41	0
MT279254.1	42	0
MT279254.1	43	0
MT279254.1	44	0
MT279254.1	45	0
MT279254.1	46	0
MT279254.1	47	0
MT279254.1	48	0
MT279254.1	49	0
MT279254.1	50	0
MT279254.1	51	0
MT279254.1	52	0
MT279254.1	53	0
MT279254.1	54	0
MT279254.1	55	0
MT279254.1	56	0
MT279254.1	57	0
MT279254.1	58	0
MT279254.1	59	0
MT279254.1	60	0
MT279254.1	61	0
MT279254.1	62	0
MT279254.1	63	0
MT279254.1	64	0
MT279254.1	65	0
MT279254.1	66	0
MT279254.1	67	0
MT279254.1	68	0
MT279254.1	69	0
MT279254.1	70	0
MT279254.1	71	0
MT279254.1	72	0
MT279254.1	73	0
MT279254.1	74	0
MT279254.1	75	0
MT279254.1	76	0
MT279254.1	77	0
MT279254.1	78	0
MT279254.1	79	0
MT279254.1	80	0
MT279254.1	81	0
MT279254.1	82	0
MT279254.1	83	0
MT279254.1	84	0
MT279254.1	85	0
MT279254.1	86	0
MT279254.1	87	0
MT279254.1	88	1
MT279254.1	89	2
MT279254.1	90	2
MT279254.1	91	2
MT279254.1	92	2
MT279254.1	93	2
MT279254.1	94	2
MT279254.1	95	2
MT279254.1	96	2
MT279254.1	97	2
MT279254.1	98	2
MT279254.1	99	2
MT279254.1	100	2
MT279254.1	101	3
MT279254.1	102	3
MT279254.1	103	3
MT279254.1	104	3
MT279254.1	105	3
MT279254.1	106	3
MT279254.1	107	3
MT279254.1	108	3
MT279254.1	109	3
MT279254.1	110	3
MT279254.1	111	3
MT279254.1	112	4
MT279254.1	113	4
MT279254.1	114	4
MT279254.1	115	4
MT279254.1	116	4
MT279254.1	117	4
MT279254.1	118	4
MT279254.1	119	4
MT279254.1	120	4
MT279254.1	121	6
MT279254.1	122	9
MT279254.1	123	10
MT279254.1	124	14
MT279254.1	125	20
MT279254.1	126	23
MT279254.1	127	26
MT279254.1	128	26
MT279254.1	129	29
MT279254.1	130	34
MT279254.1	131	41
MT279254.1	132	42
MT279254.1	133	44
MT279254.1	134	47
MT279254.1	135	51
MT279254.1	136	50
MT279254.1	137	53
MT279254.1	138	56
MT279254.1	139	58
MT279254.1	140	59
MT279254.1	141	71
MT279254.1	142	74
MT279254.1	143	75
MT279254.1	144	75
MT279254.1	145	75
MT279254.1	146	83
MT279254.1	147	61
MT279254.1	148	93
MT279254.1	149	97
MT279254.1	150	98
MT279254.1	151	104
MT279254.1	152	119
MT279254.1	153	142
MT279254.1	154	173
MT279254.1	155	176
MT279254.1	156	176
MT279254.1	157	177
MT279254.1	158	179
MT279254.1	159	184
MT279254.1	160	203
MT279254.1	161	216
MT279254.1	162	223
MT279254.1	163	239
MT279254.1	164	242
MT279254.1	165	246
MT279254.1	166	259
MT279254.1	167	272
MT279254.1	168	273
MT279254.1	169	295
MT279254.1	170	343
MT279254.1	171	372
MT279254.1	172	385
MT279254.1	173	392
MT279254.1	174	412
MT279254.1	175	455
MT279254.1	176	476
MT279254.1	177	490
MT279254.1	178	497
MT279254.1	179	518
MT279254.1	180	540
MT279254.1	181	561
MT279254.1	182	561
MT279254.1	183	564
MT279254.1	184	568
MT279254.1	185	627
MT279254.1	186	632
MT279254.1	187	636
MT279254.1	188	643
MT279254.1	189	652
MT279254.1	190	658
MT279254.1	191	667
MT279254.1	192	667
MT279254.1	193	672
MT279254.1	194	673
MT279254.1	195	680
MT279254.1	196	681
MT279254.1	197	681
MT279254.1	198	711
MT279254.1	199	714
MT279254.1	200	718
MT279254.1	201	718
MT279254.1	202	719
MT279254.1	203	723
MT279254.1	204	745
MT279254.1	205	779
MT279254.1	206	784
MT279254.1	207	784
MT279254.1	208	785
MT279254.1	209	802
MT279254.1	210	808
MT279254.1	211	811
MT279254.1	212	817
MT279254.1	213	832
MT279254.1	214	839
MT279254.1	215	858
MT279254.1	216	861
MT279254.1	217	860
MT279254.1	218	879
MT279254.1	219	892
MT279254.1	220	910
MT279254.1	221	924
MT279254.1	222	932
MT279254.1	223	934
MT279254.1	224	942
MT279254.1	225	965
MT279254.1	226	968
MT279254.1	227	989
MT279254.1	228	989
MT279254.1	229	1003
MT279254.1	230	1036
MT279254.1	231	1037
MT279254.1	232	1063
MT279254.1	233	1064
MT279254.1	234	1067
MT279254.1	235	1074
MT279254.1	236	1085
MT279254.1	237	1084
MT279254.1	238	1087
MT279254.1	239	1110
MT279254.1	240	1111
MT279254.1	241	1123
MT279254.1	242	1132
MT279254.1	243	1131
MT279254.1	244	1138
MT279254.1	245	1139
MT279254.1	246	1146
MT279254.1	247	1148
MT279254.1	248	1148
MT279254.1	249	1158
MT279254.1	250	1158
MT279254.1	251	1159
MT279254.1	252	1160
MT279254.1	253	1162
MT279254.1	254	1154
MT279254.1	255	1148
MT279254.1	256	1154
MT279254.1	257	1154
MT279254.1	258	1173
MT279254.1	259	1172
MT279254.1	260	1170
MT279254.1	261	1163
MT279254.1	262	1161
MT279254.1	263	1163
MT279254.1	264	1156
MT279254.1	265	1163
MT279254.1	266	1161
MT279254.1	267	1162
MT279254.1	268	1162
MT279254.1	269	1164
MT279254.1	270	1164
MT279254.1	271	1169
MT279254.1	272	1171
MT279254.1	273	1169
MT279254.1	274	1169
MT279254.1	275	1173
MT279254.1	276	1155
MT279254.1	277	1158
MT279254.1	278	1159
MT279254.1	279	1155
MT279254.1	280	1156
MT279254.1	281	1119
MT279254.1	282	1121
MT279254.1	283	1119
MT279254.1	284	1089
MT279254.1	285	1089
MT279254.1	286	1087
MT279254.1	287	1076
MT279254.1	288	1073
MT279254.1	289	1071
MT279254.1	290	1054
MT279254.1	291	1034
MT279254.1	292	1011
MT279254.1	293	1007
MT279254.1	294	1002
MT279254.1	295	1000
MT279254.1	296	1001
MT279254.1	297	994
MT279254.1	298	975
MT279254.1	299	946
MT279254.1	300	855
MT279254.1	301	849
MT279254.1	302	808
MT279254.1	303	804
MT279254.1	304	804
MT279254.1	305	789
MT279254.1	306	788
MT279254.1	307	771
MT279254.1	308	767
MT279254.1	309	753
MT279254.1	310	722
MT279254.1	311	717
MT279254.1	312	715
MT279254.1	313	716
MT279254.1	314	714
MT279254.1	315	640
MT279254.1	316	639
MT279254.1	317	635
MT279254.1	318	631
MT279254.1	319	621
MT279254.1	320	618
MT279254.1	321	612
MT279254.1	322	612
MT279254.1	323	582
MT279254.1	324	573
MT279254.1	325	568
MT279254.1	326	566
MT279254.1	327	566
MT279254.1	328	564
MT279254.1	329	561
MT279254.1	330	556
MT279254.1	331	556
MT279254.1	332	556
MT279254.1	333	552
MT279254.1	334	525
MT279254.1	335	491
MT279254.1	336	488
MT279254.1	337	474
MT279254.1	338	473
MT279254.1	339	469
MT279254.1	340	464
MT279254.1	341	462
MT279254.1	342	456
MT279254.1	343	430
MT279254.1	344	423
MT279254.1	345	404
MT279254.1	346	390
MT279254.1	347	395
MT279254.1	348	389
MT279254.1	349	379
MT279254.1	350	356
MT279254.1	351	343
MT279254.1	352	327
MT279254.1	353	320
MT279254.1	354	316
MT279254.1	355	289
MT279254.1	356	289
MT279254.1	357	278
MT279254.1	358	278
MT279254.1	359	265
MT279254.1	360	219
MT279254.1	361	207
MT279254.1	362	199
MT279254.1	363	197
MT279254.1	364	193
MT279254.1	365	180
MT279254.1	366	176
MT279254.1	367	174
MT279254.1	368	171
MT279254.1	369	155
MT279254.1	370	151
MT279254.1	371	143
MT279254.1	372	134
MT279254.1	373	133
MT279254.1	374	125
MT279254.1	375	123
MT279254.1	376	116
MT279254.1	377	48
MT279254.1	378	100
MT279254.1	379	102
MT279254.1	380	102
MT279254.1	381	102
MT279254.1	382	101
MT279254.1	383	101
MT279254.1	384	97
MT279254.1	385	87
MT279254.1	386	89
MT279254.1	387	57
MT279254.1	388	70
MT279254.1	389	60
MT279254.1	390	59
MT279254.1	391	58
MT279254.1	392	53
MT279254.1	393	55
MT279254.1	394	57
MT279254.1	395	57
MT279254.1	396	51
MT279254.1	397	49
MT279254.1	398	47
MT279254.1	399	42
MT279254.1	400	39
MT279254.1	401	39
MT279254.1	402	36
MT279254.1	403	36
MT279254.1	404	34
MT279254.1	405	31
MT279254.1	406	29
MT279254.1	407	28
MT279254.1	408	28
MT279254.1	409	27
MT279254.1	410	26
MT279254.1	411	26
MT279254.1	412	24
MT279254.1	413	23
MT279254.1	414	23
MT279254.1	415	22
MT279254.1	416	21
MT279254.1	417	19
MT279254.1	418	18
MT279254.1	419	18
MT279254.1	420	17
MT279254.1	421	17
MT279254.1	422	16
MT279254.1	423	15
MT279254.1	424	14
MT279254.1	425	14
MT279254.1	426	14
MT279254.1	427	14
MT279254.1	428	14
MT279254.1	429	14
MT279254.1	430	14
MT279254.1	431	13
MT279254.1	432	11
MT279254.1	433	11
MT279254.1	434	2
MT279254.1	435	2
MT279254.1	436	2
MT279254.1	437	2
MT279254.1	438	2
MT279254.1	439	2
MT279254.1	440	2
MT279254.1	441	2
MT279254.1	442	2
MT279254.1	443	2
MT279254.1	444	2
MT279254.1	445	2
MT279254.1	446	2
MT279254.1	447	2
MT279254.1	448	2
MT279254.1	449	2
MT279254.1	450	1
MT279254.1	451	1
MT279254.1	452	1
MT279254.1	453	1
MT279254.1	454	1
MT279254.1	455	1
MT279254.1	456	1
MT279254.1	457	1
MT279254.1	458	1
MT279254.1	459	1
MT279254.1	460	1
MT279254.1	461	1
MT279254.1	462	1
MT279254.1	463	1
MT279254.1	464	1
MT279254.1	465	1
MT279254.1	466	1
MT279254.1	467	1
MT279254.1	468	1
MT279254.1	469	1
MT279254.1	470	1
MT279254.1	471	1
MT279254.1	472	1
MT279254.1	473	0
MT279254.1	474	1
MT279254.1	475	1
MT279254.1	476	1
MT279254.1	477	1
MT279254.1	478	1
MT279254.1	479	1
MT279254.1	480	1
MT279254.1	481	1
MT279254.1	482	1
MT279254.1	483	1
MT279254.1	484	1
MT279254.1	485	1
MT279254.1	486	1
MT279254.1	487	1
MT279254.1	488	1
MT279254.1	489	1
MT279254.1	490	1
MT279254.1	491	1
MT279254.1	492	1
MT279254.1	493	1
MT279254.1	494	1
MT279254.1	495	1
MT279254.1	496	1
MT279254.1	497	1
MT279254.1	498	1
MT279254.1	499	1
MT279254.1	500	1
MT279254.1	501	1
MT279254.1	502	1
MT279254.1	503	1
MT279254.1	504	1
MT279254.1	505	1
MT279254.1	506	1
MT279254.1	507	1
MT279254.1	508	1
MT279254.1	509	1
MT279254.1	510	1
MT279254.1	511	1
MT279254.1	512	1
MT279254.1	513	1
MT279254.1	514	1
MT279254.1	515	1
MT279254.1	516	0
MT279254.1	517	0
MT279254.1	518	0
MT279254.1	519	0
MT279254.1	520	0
MT279254.1	521	0
MT279254.1	522	0
MT279254.1	523	0
MT279254.1	524	0
MT279254.1	525	0
MT279254.1	526	0
MT279254.1	527	0
MT279254.1	528	0
MT279254.1	529	0
MT279254.1	530	0
MT279254.1	531	0
MT279254.1	532	0
MT279254.1	533	0
MT279254.1	534	0
MT279254.1	535	0
MT279254.1	536	0
MT279254.1	537	0
MT279254.1	538	0
MT279254.1	539	0
MT279254.1	540	0
MT279254.1	541	0
MT279254.1	542	0
MT279254.1	543	0
MT279254.1	544	0
MT279254.1	545	0
NG_058045.1	1	65
NG_058045.1	2	97
NG_058045.1	3	110
NG_058045.1	4	125
NG_058045.1	5	157
NG_058045.1	6	175
NG_058045.1	7	232
NG_058045.1	8	339
NG_058045.1	9	352
NG_058045.1	10	360
NG_058045.1	11	368
NG_058045.1	12	417
NG_058045.1	13	424
NG_058045.1	14	426
NG_058045.1	15	437
NG_058045.1	16	455
NG_058045.1	17	456
NG_058045.1	18	461
NG_058045.1	19	482
NG_058045.1	20	486
NG_058045.1	21	486
NG_058045.1	22	486
NG_058045.1	23	509
NG_058045.1	24	534
NG_058045.1	25	535
NG_058045.1	26	553
NG_058045.1	27	561
NG_058045.1	28	563
NG_058045.1	29	564
NG_058045.1	30	567
NG_058045.1	31	577
NG_058045.1	32	584
NG_058045.1	33	585
NG_058045.1	34	586
NG_058045.1	35	587
NG_058045.1	36	590
NG_058045.1	37	593
NG_058045.1	38	608
NG_058045.1	39	610
NG_058045.1	40	610
NG_058045.1	41	629
NG_058045.1	42	632
NG_058045.1	43	652
NG_058045.1	44	654
NG_058045.1	45	651
NG_058045.1	46	654
NG_058045.1	47	671
NG_058045.1	48	671
NG_058045.1	49	672
NG_058045.1	50	672
NG_058045.1	51	678
NG_058045.1	52	682
NG_058045.1	53	683
NG_058045.1	54	679
NG_058045.1	55	680
NG_058045.1	56	686
NG_058045.1	57	709
NG_058045.1	58	719
NG_058045.1	59	724
NG_058045.1	60	724
NG_058045.1	61	723
NG_058045.1	62	733
NG_058045.1	63	735
NG_058045.1	64	732
NG_058045.1	65	746
NG_058045.1	66	764
NG_058045.1	67	764
NG_058045.1	68	764
NG_058045.1	69	766
NG_058045.1	70	766
NG_058045.1	71	791
NG_058045.1	72	798
NG_058045.1	73	800
NG_058045.1	74	811
NG_058045.1	75	819
NG_058045.1	76	823
NG_058045.1	77	826
NG_058045.1	78	826
NG_058045.1	79	827
NG_058045.1	80	860
NG_058045.1	81	861
NG_058045.1	82	862
NG_058045.1	83	880
NG_058045.1	84	880
NG_058045.1	85	882
NG_058045.1	86	883
NG_058045.1	87	883
NG_058045.1	88	880
NG_058045.1	89	881
NG_058045.1	90	881
NG_058045.1	91	892
NG_058045.1	92	921
NG_058045.1	93	924
NG_058045.1	94	926
NG_058045.1	95	928
NG_058045.1	96	928
NG_058045.1	97	930
NG_058045.1	98	929
NG_058045.1	99	933
NG_058045.1	100	933
NG_058045.1	101	934
NG_058045.1	102	932
NG_058045.1	103	928
NG_058045.1	104	930
NG_058045.1	105	930
NG_058045.1	106	901
NG_058045.1	107	859
NG_058045.1	108	823
NG_058045.1	109	856
NG_058045.1	110	894
NG_058045.1	111	900
NG_058045.1	112	904
NG_058045.1	113	939
NG_058045.1	114	939
NG_058045.1	115	944
NG_058045.1	116	944
NG_058045.1	117	945
NG_058045.1	118	944
NG_058045.1	119	951
NG_058045.1	120	944
NG_058045.1	121	942
NG_058045.1	122	952
NG_058045.1	123	945
NG_058045.1	124	946
NG_058045.1	125	942
NG_058045.1	126	940
NG_058045.1	127	943
NG_058045.1	128	939
NG_058045.1	129	939
NG_058045.1	130	936
NG_058045.1	131	932
NG_058045.1	132	920
NG_058045.1	133	926
NG_058045.1	134	920
NG_058045.1	135	879
NG_058045.1	136	771
NG_058045.1	137	768
NG_058045.1	138	764
NG_058045.1	139	735
NG_058045.1	140	723
NG_058045.1	141	704
NG_058045.1	142	674
NG_058045.1	143	669
NG_058045.1	144	662
NG_058045.1	145	651
NG_058045.1	146	644
NG_058045.1	147	636
NG_058045.1	148	630
NG_058045.1	149	620
NG_058045.1	150	614
NG_058045.1	151	605
NG_058045.1	152	595
NG_058045.1	153	585
NG_058045.1	154	566
NG_058045.1	155	555
NG_058045.1	156	558
NG_058045.1	157	556
NG_058045.1	158	554
NG_058045.1	159	553
NG_058045.1	160	561
NG_058045.1	161	570
NG_058045.1	162	562
NG_058045.1	163	567
NG_058045.1	164	573
NG_058045.1	165	582
NG_058045.1	166	569
NG_058045.1	167	568
NG_058045.1	168	567
NG_058045.1	169	565
NG_058045.1	170	564
NG_058045.1	171	546
NG_058045.1	172	550
NG_058045.1	173	545
NG_058045.1	174	542
NG_058045.1	175	544
NG_058045.1	176	543
NG_058045.1	177	531
NG_058045.1	178	538
NG_058045.1	179	538
NG_058045.1	180	535
NG_058045.1	181	525
NG_058045.1	182	533
NG_058045.1	183	518
NG_058045.1	184	508
NG_058045.1	185	509
NG_058045.1	186	505
NG_058045.1	187	532
NG_058045.1	188	531
NG_058045.1	189	531
NG_058045.1	190	532
NG_058045.1	191	528
NG_058045.1	192	543
NG_058045.1	193	543
NG_058045.1	194	533
NG_058045.1	195	606
NG_058045.1	196	612
NG_058045.1	197	626
NG_058045.1	198	630
NG_058045.1	199	625
NG_058045.1	200	606
NG_058045.1	201	609
NG_058045.1	202	612
NG_058045.1	203	607
NG_058045.1	204	620
NG_058045.1	205	622
NG_058045.1	206	621
NG_058045.1	207	623
NG_058045.1	208	623
NG_058045.1	209	594
NG_058045.1	210	596
NG_058045.1	211	578
NG_058045.1	212	583
NG_058045.1	213	592
NG_058045.1	214	600
NG_058045.1	215	607
NG_058045.1	216	615
NG_058045.1	217	619
NG_058045.1	218	619
NG_058045.1	219	606
NG_058045.1	220	603
NG_058045.1	221	599
NG_058045.1	222	613
NG_058045.1	223	614
NG_058045.1	224	623
NG_058045.1	225	625
NG_058045.1	226	643
NG_058045.1	227	643
NG_058045.1	228	648
NG_058045.1	229	643
NG_058045.1	230	726
NG_058045.1	231	769
NG_058045.1	232	807
NG_058045.1	233	843
NG_058045.1	234	844
NG_058045.1	235	868
NG_058045.1	236	869
NG_058045.1	237	881
NG_058045.1	238	890
NG_058045.1	239	886
NG_058045.1	240	957
NG_058045.1	241	965
NG_058045.1	242	1002
NG_058045.1	243	1005
NG_058045.1	244	1006
NG_058045.1	245	1003
NG_058045.1	246	1003
NG_058045.1	247	996
NG_058045.1	248	1000
NG_058045.1	249	1007
NG_058045.1	250	1032
NG_058045.1	251	1033
NG_058045.1	252	1031
NG_058045.1	253	1030
NG_058045.1	254	1031
NG_058045.1	255	1024
NG_058045.1	256	1034
NG_058045.1	257	1035
NG_058045.1	258	1035
NG_058045.1	259	1055
NG_058045.1	260	1058
NG_058045.1	261	1057
NG_058045.1	262	1041
NG_058045.1	263	1028
NG_058045.1	264	1027
NG_058045.1	265	1041
NG_058045.1	266	1046
NG_058045.1	267	1066
NG_058045.1	268	1111
NG_058045.1	269	1109
NG_058045.1	270	1105
NG_058045.1	271	1099
NG_058045.1	272	1135
NG_058045.1	273	1143
NG_058045.1	274	1147
NG_058045.1	275	1147
NG_058045.1	276	1173
NG_058045.1	277	1192
NG_058045.1	278	1197
NG_058045.1	279	1196
NG_058045.1	280	1196
NG_058045.1	281	1253
NG_058045.1	282	1256
NG_058045.1	283	1284
NG_058045.1	284	1309
NG_058045.1	285	1318
NG_058045.1	286	1323
NG_058045.1	287	1337
NG_058045.1	288	1338
NG_058045.1	289	1356
NG_058045.1	290	1322
NG_058045.1	291	1327
NG_058045.1	292	1332
NG_058045.1	293	1331
NG_058045.1	294	1341
NG_058045.1	295	1340
NG_058045.1	296	1342
NG_058045.1	297	1344
NG_058045.1	298	1348
NG_058045.1	299	1344
NG_058045.1	300	1342
NG_058045.1	301	1337
NG_058045.1	302	1376
NG_058045.1	303	1381
NG_058045.1	304	1379
NG_058045.1	305	1370
NG_058045.1	306	1373
NG_058045.1	307	1362
NG_058045.1	308	1364
NG_058045.1	309	1367
NG_058045.1	310	1366
NG_058045.1	311	1424
NG_058045.1	312	1420
NG_058045.1	313	1463
NG_058045.1	314	1464
NG_058045.1	315	1460
NG_058045.1	316	1460
NG_058045.1	317	1442
NG_058045.1	318	1442
NG_058045.1	319	1460
NG_058045.1	320	1399
NG_058045.1	321	1382
NG_058045.1	322	1381
NG_058045.1	323	1402
NG_058045.1	324	1386
NG_058045.1	325	1382
NG_058045.1	326	1384
NG_058045.1	327	1382
NG_058045.1	328	1391
NG_058045.1	329	1392
NG_058045.1	330	1378
NG_058045.1	331	1387
NG_058045.1	332	1397
NG_058045.1	333	1399
NG_058045.1	334	1370
NG_058045.1	335	1372
NG_058045.1	336	1376
NG_058045.1	337	1378
NG_058045.1	338	1370
NG_058045.1	339	1359
NG_058045.1	340	1372
NG_058045.1	341	1454
NG_058045.1	342	1453
NG_058045.1	343	1455
NG_058045.1	344	1449
NG_058045.1	345	1448
NG_058045.1	346	1437
NG_058045.1	347	1435
NG_058045.1	348	1421
NG_058045.1	349	1423
NG_058045.1	350	1409
NG_058045.1	351	1409
NG_058045.1	352	1409
NG_058045.1	353	1415
NG_058045.1	354	1397
NG_058045.1	355	1422
NG_058045.1	356	1418
NG_058045.1	357	1417
NG_058045.1	358	1416
NG_058045.1	359	1412
NG_058045.1	360	1316
NG_058045.1	361	1305
NG_058045.1	362	1255
NG_058045.1	363	1246
NG_058045.1	364	1245
NG_058045.1	365	1224
NG_058045.1	366	1221
NG_058045.1	367	1221
NG_058045.1	368	1212
NG_058045.1	369	1189
NG_058045.1	370	1143
NG_058045.1	371	1132
NG_058045.1	372	1130
NG_058045.1	373	1129
NG_058045.1	374	1135
NG_058045.1	375	1137
NG_058045.1	376	1138
NG_058045.1	377	1129
NG_058045.1	378	1125
NG_058045.1	379	1119
NG_058045.1	380	1093
NG_058045.1	381	1106
NG_058045.1	382	1097
NG_058045.1	383	1108
NG_058045.1	384	1108
NG_058045.1	385	1107
NG_058045.1	386	1103
NG_058045.1	387	1098
NG_058045.1	388	1090
NG_058045.1	389	1075
NG_058045.1	390	1061
NG_058045.1	391	1063
NG_058045.1	392	1074
NG_058045.1	393	1069
NG_058045.1	394	1073
NG_058045.1	395	1074
NG_058045.1	396	1064
NG_058045.1	397	1042
NG_058045.1	398	1000
NG_058045.1	399	998
NG_058045.1	400	998
NG_058045.1	401	982
NG_058045.1	402	964
NG_058045.1	403	972
NG_058045.1	404	968
NG_058045.1	405	951
NG_058045.1	406	942
NG_058045.1	407	912
NG_058045.1	408	910
NG_058045.1	409	912
NG_058045.1	410	868
NG_058045.1	411	834
NG_058045.1	412	828
NG_058045.1	413	823
NG_058045.1	414	798
NG_058045.1	415	806
NG_058045.1	416	804
NG_058045.1	417	791
NG_058045.1	418	794
NG_058045.1	419	755
NG_058045.1	420	787
NG_058045.1	421	782
NG_058045.1	422	786
NG_058045.1	423	779
NG_058045.1	424	772
NG_058045.1	425	781
NG_058045.1	426	784
NG_058045.1	427	776
NG_058045.1	428	779
NG_058045.1	429	775
NG_058045.1	430	757
NG_058045.1	431	753
NG_058045.1	432	750
NG_058045.1	433	742
NG_058045.1	434	740
NG_058045.1	435	738
NG_058045.1	436	737
NG_058045.1	437	732
NG_058045.1	438	735
NG_058045.1	439	735
NG_058045.1	440	697
NG_058045.1	441	679
NG_058045.1	442	652
NG_058045.1	443	636
NG_058045.1	444	653
NG_058045.1	445	644
NG_058045.1	446	635
NG_058045.1	447	634
NG_058045.1	448	626
NG_058045.1	449	622
NG_058045.1	450	597
NG_058045.1	451	592
NG_058045.1	452	578
NG_058045.1	453	579
NG_058045.1	454	576
NG_058045.1	455	588
NG_058045.1	456	588
NG_058045.1	457	572
NG_058045.1	458	571
NG_058045.1	459	576
NG_058045.1	460	574
NG_058045.1	461	575
NG_058045.1	462	559
NG_058045.1	463	572
NG_058045.1	464	594
NG_058045.1	465	586
NG_058045.1	466	592
NG_058045.1	467	580
NG_058045.1	468	580
NG_058045.1	469	579
NG_058045.1	470	580
NG_058045.1	471	525
NG_058045.1	472	518
NG_058045.1	473	539
NG_058045.1	474	539
NG_058045.1	475	540
NG_058045.1	476	540
NG_058045.1	477	538
NG_058045.1	478	540
NG_058045.1	479	548
NG_058045.1	480	547
NG_058045.1	481	548
NG_058045.1	482	540
NG_058045.1	483	550
NG_058045.1	484	550
NG_058045.1	485	519
NG_058045.1	486	517
NG_058045.1	487	518
NG_058045.1	488	524
NG_058045.1	489	521
NG_058045.1	490	518
NG_058045.1	491	537
NG_058045.1	492	527
NG_058045.1	493	527
NG_058045.1	494	532
NG_058045.1	495	532
NG_058045.1	496	521
NG_058045.1	497	513
NG_058045.1	498	514
NG_058045.1	499	479
NG_058045.1	500	499
NG_058045.1	501	503
NG_058045.1	502	499
NG_058045.1	503	504
NG_058045.1	504	507
NG_058045.1	505	509
NG_058045.1	506	546
NG_058045.1	507	550
NG_058045.1	508	537
NG_058045.1	509	539
NG_058045.1	510	538
NG_058045.1	511	524
NG_058045.1	512	525
NG_058045.1	513	528
NG_058045.1	514	529
NG_058045.1	515	538
NG_058045.1	516	545
NG_058045.1	517	548
NG_058045.1	518	553
NG_058045.1	519	346
NG_058045.1	520	582
NG_058045.1	521	570
NG_058045.1	522	570
NG_058045.1	523	574
NG_058045.1	524	571
NG_058045.1	525	567
NG_058045.1	526	576
NG_058045.1	527	577
NG_058045.1	528	577
NG_058045.1	529	577
NG_058045.1	530	572
NG_058045.1	531	578
NG_058045.1	532	572
NG_058045.1	533	573
NG_058045.1	534	581
NG_058045.1	535	577
NG_058045.1	536	576
NG_058045.1	537	579
NG_058045.1	538	578
NG_058045.1	539	574
NG_058045.1	540	563
NG_058045.1	541	563
NG_058045.1	542	571
NG_058045.1	543	590
NG_058045.1	544	602
NG_058045.1	545	614
NG_058045.1	546	627
NG_058045.1	547	636
NG_058045.1	548	630
NG_058045.1	549	606
NG_058045.1	550	613
NG_058045.1	551	619
NG_058045.1	552	608
NG_058045.1	553	616
NG_058045.1	554	598
NG_058045.1	555	606
NG_058045.1	556	602
NG_058045.1	557	618
NG_058045.1	558	644
NG_058045.1	559	644
NG_058045.1	560	657
NG_058045.1	561	665
NG_058045.1	562	687
NG_058045.1	563	685
NG_058045.1	564	666
NG_058045.1	565	690
NG_058045.1	566	703
NG_058045.1	567	706
NG_058045.1	568	703
NG_058045.1	569	727
NG_058045.1	570	762
NG_058045.1	571	770
NG_058045.1	572	763
NG_058045.1	573	766
NG_058045.1	574	769
NG_058045.1	575	831
NG_058045.1	576	836
NG_058045.1	577	859
NG_058045.1	578	881
NG_058045.1	579	880
NG_058045.1	580	885
NG_058045.1	581	888
NG_058045.1	582	897
NG_058045.1	583	901
NG_058045.1	584	890
NG_058045.1	585	882
NG_058045.1	586	883
NG_058045.1	587	883
NG_058045.1	588	882
NG_058045.1	589	881
NG_058045.1	590	885
NG_058045.1	591	898
NG_058045.1	592	949
NG_058045.1	593	947
NG_058045.1	594	931
NG_058045.1	595	936
NG_058045.1	596	924
NG_058045.1	597	930
NG_058045.1	598	933
NG_058045.1	599	935
NG_058045.1	600	936
NG_058045.1	601	924
NG_058045.1	602	925
NG_058045.1	603	900
NG_058045.1	604	900
NG_058045.1	605	902
NG_058045.1	606	931
NG_058045.1	607	934
NG_058045.1	608	932
NG_058045.1	609	932
NG_058045.1	610	938
NG_058045.1	611	925
NG_058045.1	612	927
NG_058045.1	613	934
NG_058045.1	614	949
NG_058045.1	615	981
NG_058045.1	616	1007
NG_058045.1	617	1008
NG_058045.1	618	1007
NG_058045.1	619	1013
NG_058045.1	620	1022
NG_058045.1	621	1017
NG_058045.1	622	1048
NG_058045.1	623	1047
NG_058045.1	624	1045
NG_058045.1	625	1057
NG_058045.1	626	1058
NG_058045.1	627	1071
NG_058045.1	628	1071
NG_058045.1	629	1102
NG_058045.1	630	1094
NG_058045.1	631	1092
NG_058045.1	632	1096
NG_058045.1	633	1107
NG_058045.1	634	1109
NG_058045.1	635	1106
NG_058045.1	636	1074
NG_058045.1	637	1069
NG_058045.1	638	1069
NG_058045.1	639	1063
NG_058045.1	640	1064
NG_058045.1	641	1087
NG_058045.1	642	1118
NG_058045.1	643	1114
NG_058045.1	644	1121
NG_058045.1	645	1125
NG_058045.1	646	1130
NG_058045.1	647	1130
NG_058045.1	648	1134
NG_058045.1	649	1132
NG_058045.1	650	1117
NG_058045.1	651	1192
NG_058045.1	652	1197
NG_058045.1	653	1193
NG_058045.1	654	1191
NG_058045.1	655	1190
NG_058045.1	656	1182
NG_058045.1	657	1183
NG_058045.1	658	1192
NG_058045.1	659	1252
NG_058045.1	660	1254
NG_058045.1	661	1275
NG_058045.1	662	1294
NG_058045.1	663	1302
NG_058045.1	664	1298
NG_058045.1	665	1295
NG_058045.1	666	1297
NG_058045.1	667	1316
NG_058045.1	668	1331
NG_058045.1	669	1356
NG_058045.1	670	1359
NG_058045.1	671	1357
NG_058045.1	672	1339
NG_058045.1	673	1335
NG_058045.1	674	1328
NG_058045.1	675	1318
NG_058045.1	676	1316
NG_058045.1	677	1334
NG_058045.1	678	1357
NG_058045.1	679	1361
NG_058045.1	680	1368
NG_058045.1	681	1364
NG_058045.1	682	1368
NG_058045.1	683	1363
NG_058045.1	684	1388
NG_058045.1	685	1382
NG_058045.1	686	1392
NG_058045.1	687	1383
NG_058045.1	688	1352
NG_058045.1	689	1354
NG_058045.1	690	1320
NG_058045.1	691	1313
NG_058045.1	692	1315
NG_058045.1	693	1316
NG_058045.1	694	1332
NG_058045.1	695	1326
NG_058045.1	696	1326
NG_058045.1	697	1323
NG_058045.1	698	1307
NG_058045.1	699	1246
NG_058045.1	700	1246
NG_058045.1	701	1253
NG_058045.1	702	1255
NG_058045.1	703	1257
NG_058045.1	704	1216
NG_058045.1	705	1181
NG_058045.1	706	801
NG_058045.1	707	742
NG_058045.1	708	1183
NG_058045.1	709	1263
NG_058045.1	710	1265
NG_058045.1	711	1289
NG_058045.1	712	1302
NG_058045.1	713	1306
NG_058045.1	714	1312
NG_058045.1	715	1321
NG_058045.1	716	1327
NG_058045.1	717	1326
NG_058045.1	718	1330
NG_058045.1	719	1350
NG_058045.1	720	1369
NG_058045.1	721	1377
NG_058045.1	722	1307
NG_058045.1	723	1305
NG_058045.1	724	1305
NG_058045.1	725	1297
NG_058045.1	726	1304
NG_058045.1	727	1306
NG_058045.1	728	1360
NG_058045.1	729	1364
NG_058045.1	730	1362
NG_058045.1	731	1363
NG_058045.1	732	1364
NG_058045.1	733	1404
NG_058045.1	734	1412
NG_058045.1	735	1412
NG_058045.1	736	1394
NG_058045.1	737	1414
NG_058045.1	738	1408
NG_058045.1	739	1436
NG_058045.1	740	1433
NG_058045.1	741	1420
NG_058045.1	742	1420
NG_058045.1	743	1542
NG_058045.1	744	1536
NG_058045.1	745	1535
NG_058045.1	746	1500
NG_058045.1	747	1482
NG_058045.1	748	1484
NG_058045.1	749	1499
NG_058045.1	750	1496
NG_058045.1	751	1491
NG_058045.1	752	1442
NG_058045.1	753	1472
NG_058045.1	754	1454
NG_058045.1	755	1454
NG_058045.1	756	1454
NG_058045.1	757	1445
NG_058045.1	758	1455
NG_058045.1	759	1426
NG_058045.1	760	1429
NG_058045.1	761	1441
NG_058045.1	762	1437
NG_058045.1	763	1464
NG_058045.1	764	1472
NG_058045.1	765	1476
NG_058045.1	766	1677
NG_058045.1	767	1781
NG_058045.1	768	1829
NG_058045.1	769	1824
NG_058045.1	770	1809
NG_058045.1	771	1810
NG_058045.1	772	1812
NG_058045.1	773	1933
NG_058045.1	774	1973
NG_058045.1	775	1998
NG_058045.1	776	1996
NG_058045.1	777	1970
NG_058045.1	778	2027
NG_058045.1	779	2034
NG_058045.1	780	2064
NG_058045.1	781	2024
NG_058045.1	782	2045
NG_058045.1	783	2045
NG_058045.1	784	2052
NG_058045.1	785	2050
NG_058045.1	786	2033
NG_058045.1	787	2036
NG_058045.1	788	1989
NG_058045.1	789	1997
NG_058045.1	790	2007
NG_058045.1	791	1994
NG_058045.1	792	1994
NG_058045.1	793	1971
NG_058045.1	794	1977
NG_058045.1	795	1996
NG_058045.1	796	1996
NG_058045.1	797	1997
NG_058045.1	798	2030
NG_058045.1	799	1993
NG_058045.1	800	1988
NG_058045.1	801	2101
NG_058045.1	802	2099
NG_058045.1	803	2113
NG_058045.1	804	2102
NG_058045.1	805	2149
NG_058045.1	806	2154
NG_058045.1	807	2131
NG_058045.1	808	2141
NG_058045.1	809	2170
NG_058045.1	810	2146
NG_058045.1	811	2149
NG_058045.1	812	2148
NG_058045.1	813	2146
NG_058045.1	814	2153
NG_058045.1	815	2144
NG_058045.1	816	2111
NG_058045.1	817	2106
NG_058045.1	818	2097
NG_058045.1	819	2100
NG_058045.1	820	2100
NG_058045.1	821	2099
NG_058045.1	822	2099
NG_058045.1	823	2099
NG_058045.1	824	2090
NG_058045.1	825	2088
NG_058045.1	826	2068
NG_058045.1	827	2068
NG_058045.1	828	2066
NG_058045.1	829	2056
NG_058045.1	830	2056
NG_058045.1	831	2055
NG_058045.1	832	2050
NG_058045.1	833	2041
NG_058045.1	834	2037
NG_058045.1	835	2033
NG_058045.1	836	2028
NG_058045.1	837	1906
NG_058045.1	838	1906
NG_058045.1	839	1895
NG_058045.1	840	1892
NG_058045.1	841	1842
NG_058045.1	842	1834
NG_058045.1	843	1834
NG_058045.1	844	1825
NG_058045.1	845	1807
NG_058045.1	846	1810
NG_058045.1	847	1786
NG_058045.1	848	1784
NG_058045.1	849	1754
NG_058045.1	850	1755
NG_058045.1	851	1745
NG_058045.1	852	1743
NG_058045.1	853	1743
NG_058045.1	854	1731
NG_058045.1	855	1731
NG_058045.1	856	1725
NG_058045.1	857	1717
NG_058045.1	858	1677
NG_058045.1	859	1675
NG_058045.1	860	1673
NG_058045.1	861	1661
NG_058045.1	862	1648
NG_058045.1	863	1622
NG_058045.1	864	1611
NG_058045.1	865	1610
NG_058045.1	866	1609
NG_058045.1	867	1577
NG_058045.1	868	1572
NG_058045.1	869	1541
NG_058045.1	870	1541
NG_058045.1	871	1534
NG_058045.1	872	1529
NG_058045.1	873	1420
NG_058045.1	874	1417
NG_058045.1	875	1408
NG_058045.1	876	1406
NG_058045.1	877	1382
NG_058045.1	878	1380
NG_058045.1	879	1373
NG_058045.1	880	1373
NG_058045.1	881	1373
NG_058045.1	882	1370
NG_058045.1	883	1341
NG_058045.1	884	1341
NG_058045.1	885	1335
NG_058045.1	886	1321
NG_058045.1	887	1312
NG_058045.1	888	1309
NG_058045.1	889	1309
NG_058045.1	890	1309
NG_058045.1	891	1243
NG_058045.1	892	1243
NG_058045.1	893	1214
NG_058045.1	894	1183
NG_058045.1	895	1116
NG_058045.1	896	927
NG_058045.1	897	888
NG_058045.1	898	847
NG_058045.1	899	835
NG_058045.1	900	829
NG_058045.1	901	826
NG_058045.1	902	813
NG_058045.1	903	665
NG_058045.1	904	655
NG_058045.1	905	628
NG_058045.1	906	546
NG_058045.1	907	533
NG_058045.1	908	532
NG_058045.1	909	532
NG_058045.1	910	504
NG_058045.1	911	501
NG_058045.1	912	418
NG_058045.1	913	413
NG_058045.1	914	406
NG_058045.1	915	402
NG_058045.1	916	401
NG_058045.1	917	397
NG_058045.1	918	380
NG_058045.1	919	356
NG_058045.1	920	305
NG_058045.1	921	233
